step_number,time_step,volt,norm,step_size
1,0.002,1.52E-06,0.39,2
2,0.004,1.21E-06,0.21,2
3,0.00715114,2.59E-06,0.28,3.15114
4,0.00915114,1.18E-06,0.1,2
5,0.0111511,9.47E-07,0.13,2
6,0.0131511,1.17E-06,0.075,2
7,0.0151511,-1.37E-07,0.13,2
8,0.0171511,-1.70E-07,0.16,2
9,0.0191511,-9.05E-08,0.088,2
10,0.0211511,1.16E-06,0.048,2
11,0.0231511,-5.03E-08,0.047,2
12,0.0251511,-4.97E-08,0.046,2
13,0.0271511,-1.12E-07,0.11,2
14,0.0291511,-1.49E-07,0.14,2
15,0.0311511,-1.50E-07,0.14,2
16,0.0331511,-4.73E-08,0.044,2
17,0.0351511,-1.33E-07,0.13,2
18,0.0371511,-4.60E-08,0.043,2
19,0.0391511,-4.54E-08,0.042,2
20,0.0411511,-8.38E-08,0.081,2
21,0.0431511,-1.53E-07,0.14,2
22,0.0451511,-1.44E-07,0.13,2
23,0.0471511,-9.22E-08,0.089,2
24,0.0491511,-4.24E-08,0.039,2
25,0.0511511,-4.18E-08,0.039,2
26,0.0531511,-1.00E-07,0.097,2
27,0.0551511,-4.07E-08,0.038,2
28,0.0571511,-1.47E-07,0.14,2
29,0.0591511,-1.48E-07,0.14,2
30,0.0611511,-3.91E-08,0.036,2
31,0.0631511,-3.87E-08,0.036,2
32,0.0651511,-3.82E-08,0.036,2
33,0.0671511,-3.77E-08,0.035,2
34,0.0691511,-3.73E-08,0.035,2
35,0.0711511,-1.52E-07,0.14,2
36,0.0731511,-1.38E-07,0.13,2
37,0.0751511,-3.60E-08,0.034,2
38,0.0771511,-3.57E-08,0.033,2
39,0.0791511,-3.53E-08,0.033,2
40,0.0811511,-3.49E-08,0.032,2
41,0.0831511,-3.46E-08,0.032,2
42,0.0851511,-1.46E-07,0.14,2
43,0.0871511,-1.47E-07,0.14,2
44,0.0891511,-3.36E-08,0.031,2
45,0.0911511,-3.33E-08,0.031,2
46,0.0931511,-3.63E-08,0.031,2
47,0.0951511,-3.60E-08,0.031,2
48,0.0971511,-3.57E-08,0.03,2
49,0.0991511,-1.51E-07,0.14,2
50,0.101151,-1.41E-07,0.13,2
51,0.103151,-3.49E-08,0.03,2
52,0.105151,-3.48E-08,0.03,2
53,0.107151,-3.44E-08,0.029,2
54,0.109151,-3.43E-08,0.029,2
55,0.111151,-3.39E-08,0.029,2
56,0.113151,-1.44E-07,0.13,2
57,0.115151,-1.46E-07,0.14,2
58,0.117151,-3.33E-08,0.028,2
59,0.119151,-3.30E-08,0.028,2
60,0.121151,-3.28E-08,0.028,2
61,0.123151,-3.25E-08,0.028,2
62,0.125151,-3.23E-08,0.027,2
63,0.127151,-1.50E-07,0.14,2
64,0.129164,-1.40E-07,0.13,2.01324
65,0.131183,-3.19E-08,0.027,2.01883
66,0.13324,-3.24E-08,0.028,2.0569
67,0.135313,-3.24E-08,0.028,2.07239
68,0.137434,7.60E-08,0.074,2.12133
69,0.139575,-3.32E-08,0.028,2.14084
70,0.141768,-1.44E-07,0.13,2.19329
71,0.143981,-1.49E-07,0.14,2.213
72,0.146248,-1.32E-07,0.13,2.26665
73,0.148534,-3.17E-08,0.03,2.28592
74,0.150874,-8.47E-08,0.081,2.34082
75,0.153235,-3.25E-08,0.03,2.36027
76,0.155652,-1.19E-07,0.11,2.41692
77,0.158089,-1.22E-07,0.11,2.43704
78,0.160584,-3.39E-08,0.032,2.4957
79,0.163101,-3.40E-08,0.032,2.51664
80,0.165678,-3.46E-08,0.032,2.57738
81,0.168277,-3.47E-08,0.032,2.59913
82,0.170939,-1.35E-07,0.13,2.66197
83,0.173624,-1.33E-07,0.12,2.6845
84,0.176373,-3.61E-08,0.034,2.7495
85,0.179146,-3.62E-08,0.034,2.77282
86,0.181986,-3.68E-08,0.034,2.84005
87,0.18485,-1.00E-07,0.094,2.8642
88,0.187784,-1.01E-07,0.094,2.93374
89,0.190743,-4.76E-08,0.045,2.95875
90,0.193774,1.56E-06,0.046,3.0307
91,0.19683,6.00E-08,0.059,3.05661
92,0.199961,-1.12E-07,0.1,3.13105
93,0.203119,-1.12E-07,0.1,3.15789
94,0.206354,2.60E-06,0.11,3.23492
95,0.209617,2.81E-06,0.13,3.26273
96,0.212959,3.24E-06,0.17,3.34244
97,0.216331,3.44E-06,0.2,3.37126
98,0.219784,3.88E-06,0.26,3.45375
99,0.223268,4.04E-06,0.31,3.48361
100,0.226837,4.44E-06,0.39,3.56898
101,0.230437,4.53E-06,0.46,3.59993
102,0.234125,4.87E-06,0.57,3.68829
103,0.237845,4.93E-06,0.65,3.72037
104,0.241657,5.15E-06,0.76,3.81183
105,0.245502,5.16E-06,0.84,3.84508
106,0.249442,5.28E-06,0.95,3.93977
107,0.253416,3.95E-08,0.0077,3.97423
108,0.257489,4.02E-08,0.0084,4.07225
109,0.262241,5.58E-08,0.013,4.75251
110,0.271024,1.56E-07,0.039,8.78319
111,0.288591,-1.56E-09,0.00046,17.5664
112,0.308591,8.41E-06,0.099,20
113,0.328591,-2.01E-07,0.018,20
114,0.348591,-5.60E-06,0.56,20
115,0.368591,2.16E-08,0.0022,20
116,0.388591,2.19E-07,0.0042,20
117,0.408591,-4.23E-08,0.0012,20
118,0.428591,1.82E-07,0.039,20
119,0.448591,4.36E-08,0.0067,20
120,0.468591,8.13E-07,0.038,20
121,0.488591,1.28E-05,0.52,20
122,0.508591,-3.30E-07,0.059,20
123,0.528591,4.61E-05,0.92,20
124,0.548591,-8.62E-07,0.2,20
125,0.568591,-1.77E-07,0.025,20
126,0.588591,5.26E-07,0.0029,20
127,0.608591,6.22E-10,0.00038,20
128,0.628591,4.10E-08,0.031,20
129,0.648591,-7.18E-08,0.0018,20
130,0.668591,6.54E-07,0.015,20
131,0.688591,-7.82E-09,0.0062,20
132,0.708591,-3.30E-08,0.012,20
133,0.728591,2.68E-08,0.026,20
134,0.748591,7.14E-18,7.50E-12,20
135,0.768591,2.22E-05,0.42,20
136,0.788591,-4.13E-07,0.23,20
137,0.808591,1.82E-06,0.14,20
138,0.828591,4.22E-07,0.22,20
139,0.848591,-1.74E-06,0.49,20
140,0.868591,1.43E-06,0.0046,20
141,0.888591,6.26E-09,0.0012,20
142,0.908591,4.64E-07,0.066,20
143,0.928591,-4.88E-09,0.0029,20
144,0.948591,5.39E-05,0.26,20
145,0.968591,5.27E-08,0.0072,20
146,0.988591,1.52E-05,0.11,20
147,1.00859,2.96E-10,6.10E-05,20
148,1.04859,6.52E-05,1.40E+04,40
148,1.02859,-2.67E-05,1.00E+03,20
148,1.01859,4.18E-09,0.0035,10
149,1.03859,1.04E-05,1.00E+03,20
149,1.02859,1.15E-07,0.035,10
150,1.04859,8.59E-08,0.032,20
151,1.08859,-2.32E-06,1.80E+03,40
151,1.06859,3.83E-07,0.23,20
152,1.10859,-5.43E-05,3.30E+03,40
152,1.08859,-1.47E-07,0.076,20
153,1.12859,3.76E-05,3.20E+03,40
153,1.10859,4.34E-07,0.012,20
154,1.14859,1.10E-05,4.60E+03,40
154,1.12859,6.49E-06,0.099,20
155,1.16859,-9.06E-10,2.1,40
155,1.14859,1.06E-08,0.79,20
156,1.18859,-2.89E-06,0.49,40
157,1.26859,-4.39E-06,2.50E+03,80
157,1.22859,-4.07E-06,8.80E+02,40
157,1.20859,-3.40E-05,0.05,20
158,1.24859,7.06E-06,0.14,40
159,1.32859,-5.42E-06,3.10E+03,80
159,1.28859,-0.000903653,0.73,40
160,1.36859,0.000111224,1.40E+03,80
160,1.32859,-1.58E-07,0.069,40
161,1.40859,2.22E-07,0.2,80
162,1.56859,5.14E-06,0.066,160
163,1.88859,8.33E-09,0.0071,320
164,2.52859,2.77E-06,0.0021,640
165,2.97574,2.57E-19,2.30E-07,447.15
166,3.6834,-0.000234049,0.15,707.66
167,4.42777,8.37E-10,0.00083,744.37
168,5.4424,-7.82E-09,0.0071,1014.63
169,6.65694,-4.86E-05,0.093,1214.54
170,8.24521,-2.31E-20,2.30E-08,1588.27
171,10.2556,2.18E-20,2.10E-08,2010.36
172,12.8992,2.09E-05,0.045,2643.65
173,16.3812,-2.67E-07,0.016,3481.97
174,21.0854,8.47E-07,0.001,4704.18
175,24.1999,0.000300584,0.41,3114.48
176,27.2391,6.53E-06,0.0077,3039.27
177,30.9985,1.30E-05,0.0097,3759.42
178,33.6962,1.17E-12,1.20E-06,2697.63
179,39.0914,-8.23E-05,0.046,5395.27
180,49.882,2.02E-05,0.75,10790.5
182,107.725,1.52E-05,0.22,38562.3
230,2000,-6.45E-15,1.40E-10,12274.6
1,0.02,1.10E-09,0.011,20
2,0.036384,5.15E-09,1.70E+02,16.384
2,0.028192,1.00E-05,0.47,8.192
3,0.036384,-2.37E-13,0.00013,8.192
4,0.044576,0.000108732,0.7,8.192
5,0.052768,8.35E-08,0.41,8.192
6,0.056864,-2.53E-08,0.42,4.096
7,0.06096,-1.24E-06,0.64,4.096
8,0.065056,9.79E-07,0.28,4.096
9,0.069152,7.82E-12,7.4,4.096
10,0.073248,-3.46E-06,0.35,4.096
11,0.077344,0.000914705,0.2,4.096
12,0.08144,0.000940277,0.17,4.096
13,0.085536,9.84E-11,0.32,4.096
14,0.089632,1.83E-17,1.80E-05,4.096
15,0.093728,-2.99E-11,1,4.096
16,0.097824,-2.33E-13,4.00E-05,4.096
17,0.106016,0.000754573,0.68,8.192
18,0.114208,1.22E-05,40,8.192
19,0.1224,2.47E-05,0.68,8.192
20,0.130592,2.56E-08,1.50E+02,8.192
21,0.138784,4.07E-06,0.12,8.192
22,0.146976,3.65E-10,0.083,8.192
23,0.155168,0.000194125,0.11,8.192
24,0.16336,-2.37E-08,5,8.192
25,0.179744,2.35E-08,0.8,16.384
25,0.171552,-2.10E-08,0.13,8.192
26,0.179744,-1.53E-13,4.10E-05,8.192
27,0.187936,-7.26E-09,0.024,8.192
28,0.196128,2.85E-08,0.2,8.192
29,0.20432,-0.000288393,0.97,8.192
30,0.212512,1.03E-10,0.00041,8.192
31,0.220704,4.21E-08,0.28,8.192
32,0.228896,5.72E-08,0.41,8.192
33,0.237088,-1.38E-07,3.8,8.192
34,0.24528,8.15E-08,0.48,8.192
35,0.253472,-4.18E-08,0.27,8.192
36,0.261664,-9.99E-08,1.8,8.192
37,0.269856,-3.19E-17,3.20E-05,8.192
38,0.278048,2.00E-17,2.00E-05,8.192
39,0.28624,-8.15E-12,8.1,8.192
40,0.294432,-2.50E-17,2.50E-05,8.192
41,0.302624,-2.17E-17,2.20E-05,8.192
42,0.310816,-2.73E-08,0.13,8.192
43,0.319008,7.81E-09,0.033,8.192
44,0.323104,-7.73E-10,0.0046,4.096
45,0.331296,2.73E-10,0.0071,8.192
46,0.339488,6.49E-08,0.39,8.192
47,0.34768,-2.27E-08,0.15,8.192
48,0.355872,-1.18E-07,2.2,8.192
49,0.364064,-2.51E-17,2.50E-05,8.192
50,0.372256,-1.68E-07,0.99,8.192
51,0.380448,-1.84E-08,0.25,8.192
52,0.38864,2.72E-17,2.70E-05,8.192
53,0.396832,-1.84E-17,1.80E-05,8.192
54,0.405024,-2.44E-08,0.12,8.192
55,0.413216,3.21E-09,0.014,8.192
56,0.421408,-2.19E-17,2.20E-05,8.192
57,0.4296,-2.78E-08,0.15,8.192
58,0.437792,-3.62E-10,0.13,8.192
59,0.445984,7.42E-06,0.081,8.192
60,0.454176,8.94E-05,0.86,8.192
61,0.47056,-8.89E-09,0.41,16.384
62,0.486944,6.29E-11,26,16.384
63,0.503328,-2.79E-06,0.23,16.384
64,0.519712,2.65E-10,42,16.384
65,0.536096,-7.56E-06,0.61,16.384
66,0.55248,-4.31E-09,0.23,16.384
67,0.568864,-1.55E-07,0.11,16.384
68,0.585248,-2.52E-17,2.50E-05,16.384
69,0.601632,-2.52E-17,2.50E-05,16.384
70,0.618016,-2.52E-17,2.50E-05,16.384
71,0.6344,-1.45E-07,0.11,16.384
72,0.667168,0.011398,0.95,32.768
73,0.699936,-5.99E-17,5.80E-05,32.768
74,0.732704,-4.89E-07,0.35,32.768
75,0.765472,-6.32E-09,0.0088,32.768
76,0.79824,1.52E-08,0.98,32.768
77,0.831008,3.33E-09,0.27,32.768
78,0.863776,3.81E-05,0.4,32.768
79,0.896544,-2.52E-17,2.50E-05,32.768
80,0.96208,-2.52E-17,2.50E-05,65.536
81,1.02762,-6.31E-07,0.22,65.536
82,1.15869,5.84E-08,0.032,131.072
83,1.42083,-1.20E-10,0.058,262.144
84,1.94512,9.21E-07,0.55,524.288
85,2.9937,-3.56E-17,3.50E-05,1048.58
86,4.04227,4.00E-07,0.31,1048.58
87,6.13942,2.65E-07,0.26,2097.15
88,10.3337,-7.70E-17,7.40E-05,4194.3
89,14.528,-8.72E-11,0.1,4194.3
90,22.9166,3.61E-09,0.99,8388.61
91,25,-6.33E-09,0.17,2083.36
92,25.0041,7.73E-17,7.30E-05,4.096
92,25.0082,1.47E-11,0.0015,8.192
92,25.0041,9.68E-17,6.20E-05,4.096
93,25.0082,3.10E-06,0.87,4.096
94,25.0164,-5.36E-08,0.086,8.192
95,25.02,-7.04E-09,0.0062,3.616
96,25.022,7.68E-13,0.069,2.048
96,25.0241,-3.55E-17,3.50E-05,4.096
96,25.022,-7.54E-17,4.70E-05,2.048
97,25.0241,-7.13E-17,3.90E-05,2.048
98,25.0282,-1.13E-16,8.80E-05,4.096
99,25.0364,2.99E-09,0.78,8.192
100,25.0446,2.60E-09,0.22,8.192
101,25.0528,2.60E-17,2.60E-05,8.192
102,25.061,-1.19E-07,0.82,8.192
103,25.0692,1.41E-07,0.44,8.192
104,25.0773,-1.38E-11,4.5,8.192
105,25.0855,-1.07E-10,0.16,8.192
106,25.0937,6.09E-17,2.40E-05,8.192
107,25.1019,-1.44E-06,0.83,8.192
108,25.1101,-1.45E-11,2.4,8.192
109,25.1183,-6.00E-08,0.0083,8.192
110,25.1265,-3.19E-10,0.0025,8.192
111,25.1347,-5.19E-07,0.056,8.192
112,25.1429,5.65E-07,0.16,8.192
113,25.1511,2.73E-05,0.24,8.192
114,25.1593,2.16E-08,0.47,8.192
115,25.1675,-8.89E-12,7.2,8.192
116,25.1838,0.00105846,0.76,16.384
117,25.2002,9.69E-07,0.58,16.384
118,25.2166,3.71E-07,0.37,16.384
119,25.233,-1.64E-08,0.77,16.384
120,25.2494,1.19E-07,0.12,16.384
121,25.2658,4.07E-07,0.6,16.384
122,25.2821,3.13E-07,0.83,16.384
123,25.3149,-9.34E-08,0.21,32.768
124,25.3477,-6.49E-10,4,32.768
125,25.3804,-0.000399884,0.52,32.768
126,25.4132,0.000127328,0.35,32.768
127,25.446,-2.30E-17,2.30E-05,32.768
128,25.4788,-4.91E-06,12,32.768
129,25.5115,2.24E-07,1.6,32.768
130,25.5443,3.03E-09,0.65,32.768
131,25.6098,-2.52E-17,2.50E-05,65.536
132,25.6754,2.33E-17,2.30E-05,65.536
133,25.8064,-2.52E-17,2.50E-05,131.072
134,26.0686,-2.52E-17,2.50E-05,262.144
135,26.5929,3.76E-08,9.9,524.288
136,27.6414,1.53E-08,11,1048.58
137,29.7386,3.10E-07,0.23,2097.15
138,33.9329,6.90E-17,4.20E-05,4194.3
139,42.3215,8.08E-17,6.90E-05,8388.61
140,50,2.21E-06,5.6,7678.5
141,50.0041,-6.30E-17,5.80E-05,4.096
141,50.0082,4.71E-17,4.70E-05,8.192
141,50.0041,-7.44E-17,6.90E-05,4.096
142,50.0082,-1.72E-16,0.00011,4.096
143,50.0164,2.00E-07,0.23,8.192
144,50.02,6.86E-17,6.40E-05,3.616
145,50.021,5.93E-17,5.70E-05,1.024
145,50.022,2.15E-06,0.27,2.048
145,50.021,1.29E-16,9.90E-05,1.024
146,50.022,-8.80E-17,8.10E-05,1.024
147,50.0241,-3.98E-17,3.90E-05,2.048
148,50.0282,-1.01E-08,0.004,4.096
149,50.0323,7.18E-10,0.011,4.096
150,50.0364,2.12E-08,0.29,4.096
151,50.0446,2.27E-07,2.6,8.192
152,50.0528,2.33E-08,0.046,8.192
153,50.061,5.47E-08,0.1,8.192
154,50.0692,4.77E-08,0.35,8.192
155,50.0773,-2.39E-08,0.025,8.192
156,50.0855,2.02E-17,2.00E-05,8.192
157,50.0937,-9.77E-13,0.91,8.192
158,50.1019,3.07E-06,0.3,8.192
159,50.1101,8.80E-11,0.0047,8.192
160,50.1183,4.18E-05,0.21,8.192
161,50.1265,-2.79E-11,20,8.192
162,50.1347,2.87E-08,0.59,8.192
163,50.1429,5.27E-08,0.95,8.192
164,50.1511,5.60E-11,36,8.192
165,50.1593,7.37E-07,0.15,8.192
166,50.1675,-2.95E-10,0.064,8.192
167,50.1756,-9.85E-08,0.074,8.192
168,50.1838,-9.00E-09,0.017,8.192
169,50.2002,8.81E-06,0.23,16.384
170,50.2166,-2.33E-17,2.30E-05,16.384
171,50.233,2.07E-17,2.10E-05,16.384
172,50.2658,7.93E-08,0.2,32.768
173,50.2985,-2.50E-11,0.5,32.768
174,50.3641,-4.10E-08,0.026,65.536
175,50.4296,5.34E-09,0.048,65.536
176,50.4951,-2.19E-17,2.20E-05,65.536
177,50.5607,1.40E-08,0.41,65.536
178,50.6262,-2.52E-17,2.50E-05,65.536
179,50.6917,-6.06E-05,0.29,65.536
180,50.7573,2.37E-07,2.3,65.536
181,50.8228,-5.00E-17,4.60E-05,65.536
182,50.8884,-5.65E-06,0.8,65.536
183,51.0194,-5.60E-17,4.80E-05,131.072
184,51.2816,-1.30E-10,0.27,262.144
185,51.8059,1.10E-07,0.092,524.288
186,52.8544,2.32E-07,0.21,1048.58
187,54.9516,3.61E-07,0.34,2097.15
188,59.1459,-0.000830939,0.45,4194.3
189,67.5345,-0.000880423,0.53,8388.61
190,75,-0.000146057,0.093,7465.5
191,75.0041,-9.98E-17,9.60E-05,4.096
191,75.0082,1.47E-11,0.0015,8.192
191,75.0041,-1.02E-16,9.80E-05,4.096
192,75.0082,3.10E-06,0.87,4.096
193,75.0164,-5.36E-08,0.086,8.192
194,75.02,-7.04E-09,0.0062,3.616
195,75.022,7.09E-07,0.048,2.048
195,75.0241,1.40E-16,0.00014,4.096
195,75.022,4.94E-17,4.90E-05,2.048
196,75.0241,1.05E-16,0.0001,2.048
197,75.0282,4.82E-17,4.50E-05,4.096
198,75.0364,2.99E-09,0.78,8.192
199,75.0446,2.61E-09,0.22,8.192
200,75.0528,1.71E-17,1.70E-05,8.192
201,75.061,-1.19E-07,0.82,8.192
202,75.0692,1.41E-07,0.44,8.192
203,75.0773,3.04E-11,0.007,8.192
204,75.0855,-1.07E-10,0.16,8.192
205,75.0937,-2.42E-17,2.40E-05,8.192
206,75.1019,-1.44E-06,0.83,8.192
207,75.1101,-1.39E-11,3.6,8.192
208,75.1183,-6.00E-08,0.0083,8.192
209,75.1265,-3.19E-10,0.0025,8.192
210,75.1347,-5.13E-07,0.069,8.192
211,75.1511,1.51E-17,1.50E-05,16.384
212,75.1675,3.71E-05,0.54,16.384
213,75.1838,2.08E-06,0.89,16.384
214,75.2002,-5.30E-07,0.5,16.384
215,75.2166,3.77E-07,0.37,16.384
216,75.233,-1.62E-08,0.75,16.384
217,75.2494,3.81E-09,0.13,16.384
218,75.2658,4.03E-07,0.59,16.384
219,75.2821,3.07E-07,0.8,16.384
220,75.3149,-8.96E-08,0.21,32.768
221,75.3477,-6.42E-10,4.4,32.768
222,75.3804,-0.00040725,0.54,32.768
223,75.4132,0.000118772,0.3,32.768
224,75.446,-3.17E-17,3.20E-05,32.768
225,75.4788,-4.95E-06,12,32.768
226,75.5443,-2.58E-06,29,65.536
227,75.6098,-4.47E-08,4.2,65.536
228,75.6754,-2.52E-17,2.50E-05,65.536
229,75.7409,-2.52E-17,2.50E-05,65.536
230,75.872,-8.83E-07,0.75,131.072
231,76.1341,-2.52E-17,2.50E-05,262.144
232,76.6584,-1.27E-16,5.30E-05,524.288
233,77.707,1.35E-08,9.7,1048.58
234,79.8041,1.43E-09,2.9,2097.15
235,83.9984,7.27E-17,3.60E-05,4194.3
236,92.387,1.06E-16,0.0001,8388.61
237,100,3.64E-07,0.35,7612.96
238,100.004,-9.66E-17,9.60E-05,4.096
238,100.008,8.90E-17,8.30E-05,8.192
238,100.004,6.89E-17,6.80E-05,4.096
239,100.008,-1.21E-16,0.00012,4.096
240,100.016,2.00E-07,0.23,8.192
241,100.02,1.19E-16,0.00011,3.616
242,100.021,-1.47E-16,0.00013,1.024
243,100.022,-1.92E-16,0.00019,1.024
244,100.024,-1.45E-16,0.00013,2.048
245,100.028,-1.01E-08,0.004,4.096
246,100.032,7.18E-10,0.011,4.096
247,100.036,2.12E-08,0.29,4.096
248,100.045,2.27E-07,2.6,8.192
249,100.053,2.33E-08,0.046,8.192
250,100.061,5.47E-08,0.1,8.192
251,100.069,4.77E-08,0.35,8.192
252,100.077,-2.39E-08,0.025,8.192
253,100.086,2.01E-17,2.00E-05,8.192
254,100.094,-1.01E-11,0.15,8.192
255,100.102,3.07E-06,0.3,8.192
256,100.11,8.81E-11,0.0047,8.192
257,100.118,4.18E-05,0.21,8.192
258,100.126,-2.84E-11,19,8.192
259,100.135,2.87E-08,0.59,8.192
260,100.143,5.27E-08,0.95,8.192
261,100.151,5.60E-11,36,8.192
262,100.159,7.37E-07,0.15,8.192
263,100.167,-2.95E-10,0.064,8.192
264,100.176,-9.77E-08,0.074,8.192
265,100.184,-8.91E-09,0.017,8.192
266,100.2,8.81E-06,0.23,16.384
267,100.217,-2.75E-17,2.80E-05,16.384
268,100.233,2.49E-17,2.50E-05,16.384
269,100.266,8.02E-08,0.2,32.768
270,100.299,-2.56E-11,0.5,32.768
271,100.364,-4.11E-08,0.026,65.536
272,100.43,5.07E-09,0.046,65.536
273,100.495,-2.19E-17,2.20E-05,65.536
274,100.561,1.41E-08,0.41,65.536
275,100.626,3.02E-17,2.60E-05,65.536
276,100.692,-6.15E-05,0.29,65.536
277,100.757,2.36E-07,2.3,65.536
278,100.823,-2.52E-17,2.50E-05,65.536
279,100.888,-5.62E-06,0.79,65.536
280,101.019,-2.52E-17,2.50E-05,131.072
281,101.282,-1.30E-10,0.27,262.144
282,101.806,1.10E-07,0.092,524.288
283,102.854,2.32E-07,0.21,1048.58
284,104.952,3.60E-07,0.34,2097.15
285,109.146,-0.000830939,0.45,4194.3
286,117.534,-0.000880424,0.53,8388.61
287,125,-0.000146058,0.093,7465.5
288,125.004,1.12E-16,0.00011,4.096
289,125.008,3.10E-06,0.87,4.096
290,125.016,-5.36E-08,0.086,8.192
291,125.02,-7.05E-09,0.0062,3.616
292,125.022,7.09E-07,0.048,2.048
293,125.024,-1.10E-16,0.00011,2.048
294,125.028,-1.50E-16,0.00011,4.096
295,125.036,2.99E-09,0.78,8.192
296,125.045,2.61E-09,0.22,8.192
297,125.053,-8.56E-17,2.30E-05,8.192
298,125.061,-1.19E-07,0.82,8.192
299,125.069,1.41E-07,0.44,8.192
300,125.077,3.04E-11,0.007,8.192
301,125.086,-1.07E-10,0.16,8.192
302,125.094,-3.15E-17,3.20E-05,8.192
303,125.102,-1.44E-06,0.83,8.192
304,125.11,-1.35E-11,4.2,8.192
305,125.118,-6.00E-08,0.0083,8.192
306,125.126,-3.19E-10,0.0025,8.192
307,125.135,-5.13E-07,0.08,8.192
308,125.151,1.42E-17,1.40E-05,16.384
309,125.167,3.70E-05,0.54,16.384
310,125.184,-1.16E-08,1.00E+02,16.384
311,125.2,-5.30E-07,0.5,16.384
312,125.217,3.76E-07,0.36,16.384
313,125.233,-1.62E-08,0.75,16.384
314,125.249,3.81E-09,0.13,16.384
315,125.266,4.03E-07,0.59,16.384
316,125.282,3.07E-07,0.8,16.384
317,125.315,-8.96E-08,0.21,32.768
318,125.348,-6.42E-10,4.4,32.768
319,125.38,-0.000407259,0.54,32.768
320,125.413,0.000118763,0.3,32.768
321,125.446,2.05E-17,2.10E-05,32.768
322,125.479,-4.95E-06,12,32.768
323,125.544,-2.58E-06,29,65.536
324,125.61,-4.47E-08,4.2,65.536
325,125.675,-2.52E-17,2.50E-05,65.536
326,125.741,4.94E-17,3.10E-05,65.536
327,125.872,-8.83E-07,0.75,131.072
328,126.134,5.28E-17,4.30E-05,262.144
329,126.658,-2.52E-17,2.50E-05,524.288
330,127.707,1.35E-08,9.7,1048.58
331,129.804,1.43E-09,2.9,2097.15
332,133.998,1.56E-16,0.00011,4194.3
333,142.387,-1.14E-16,0.0001,8388.61
334,150,3.64E-07,0.35,7612.96
335,150.004,-1.26E-16,0.00013,4.096
336,150.008,-1.15E-16,0.00011,4.096
337,150.016,2.00E-07,0.23,8.192
338,150.02,-1.34E-16,0.00013,3.616
339,150.021,-7.61E-17,7.00E-05,1.024
340,150.022,-6.30E-17,6.00E-05,1.024
341,150.024,-9.14E-17,8.30E-05,2.048
342,150.028,-1.01E-08,0.004,4.096
343,150.032,7.18E-10,0.011,4.096
344,150.036,2.12E-08,0.29,4.096
345,150.045,2.27E-07,2.6,8.192
346,150.053,2.33E-08,0.046,8.192
347,150.061,5.47E-08,0.1,8.192
348,150.069,4.77E-08,0.35,8.192
349,150.077,-2.39E-08,0.025,8.192
350,150.086,2.01E-17,2.00E-05,8.192
351,150.094,-1.01E-11,0.15,8.192
352,150.102,3.07E-06,0.3,8.192
353,150.11,8.81E-11,0.0047,8.192
354,150.118,4.17E-05,0.21,8.192
355,150.126,-2.87E-11,19,8.192
356,150.135,2.88E-08,0.59,8.192
357,150.143,5.27E-08,0.95,8.192
358,150.151,5.60E-11,36,8.192
359,150.159,7.37E-07,0.15,8.192
360,150.167,-2.95E-10,0.064,8.192
361,150.176,-9.77E-08,0.074,8.192
362,150.184,-8.91E-09,0.017,8.192
363,150.2,8.81E-06,0.23,16.384
364,150.217,2.80E-17,2.80E-05,16.384
365,150.233,-1.83E-17,1.80E-05,16.384
366,150.266,8.02E-08,0.2,32.768
367,150.299,-2.56E-11,0.5,32.768
368,150.364,-4.11E-08,0.026,65.536
369,150.43,5.07E-09,0.045,65.536
370,150.495,-2.19E-17,2.20E-05,65.536
371,150.561,1.41E-08,0.41,65.536
372,150.626,-2.52E-17,2.50E-05,65.536
373,150.692,-6.15E-05,0.29,65.536
374,150.757,2.36E-07,2.3,65.536
375,150.823,1.71E-16,5.20E-05,65.536
376,150.888,-5.62E-06,0.79,65.536
377,151.019,-2.52E-17,2.50E-05,131.072
378,151.282,-1.30E-10,0.27,262.144
379,151.806,1.10E-07,0.092,524.288
380,152.854,2.32E-07,0.21,1048.58
381,154.952,3.60E-07,0.34,2097.15
382,159.146,-0.000830939,0.45,4194.3
383,167.534,-0.000880424,0.53,8388.61
384,175,-0.000146058,0.093,7465.5
385,175.004,1.42E-16,0.00014,4.096
386,175.008,3.10E-06,0.87,4.096
387,175.016,-5.36E-08,0.086,8.192
388,175.02,-7.05E-09,0.0062,3.616
389,175.022,7.09E-07,0.048,2.048
390,175.024,-9.67E-17,9.10E-05,2.048
391,175.028,1.17E-16,8.60E-05,4.096
392,175.036,2.99E-09,0.78,8.192
393,175.045,2.61E-09,0.22,8.192
394,175.053,2.49E-17,2.50E-05,8.192
395,175.061,-1.19E-07,0.82,8.192
396,175.069,1.41E-07,0.44,8.192
397,175.077,3.04E-11,0.007,8.192
398,175.086,-1.07E-10,0.16,8.192
399,175.094,2.04E-17,2.00E-05,8.192
400,175.102,-1.44E-06,0.83,8.192
401,175.11,-1.33E-11,4.6,8.192
402,175.118,-6.00E-08,0.0083,8.192
403,175.126,-3.20E-10,0.0025,8.192
404,175.135,-5.12E-07,0.091,8.192
405,175.151,1.42E-17,1.40E-05,16.384
406,175.167,3.70E-05,0.54,16.384
407,175.184,-1.29E-08,1.00E+02,16.384
408,175.2,-5.30E-07,0.5,16.384
409,175.217,3.76E-07,0.36,16.384
410,175.233,-1.62E-08,0.75,16.384
411,175.249,3.81E-09,0.13,16.384
412,175.266,4.03E-07,0.59,16.384
413,175.282,3.07E-07,0.8,16.384
414,175.315,-8.96E-08,0.21,32.768
415,175.348,-6.42E-10,4.4,32.768
416,175.38,-0.000407275,0.54,32.768
417,175.413,0.000118746,0.3,32.768
418,175.446,4.09E-17,4.10E-05,32.768
419,175.479,-4.95E-06,12,32.768
420,175.544,-2.58E-06,29,65.536
421,175.61,-4.47E-08,4.2,65.536
422,175.675,-2.52E-17,2.50E-05,65.536
423,175.741,-2.52E-17,2.50E-05,65.536
424,175.872,-8.83E-07,0.75,131.072
425,176.134,-2.52E-17,2.50E-05,262.144
426,176.658,-2.52E-17,2.50E-05,524.288
427,177.707,1.35E-08,9.7,1048.58
428,179.804,1.43E-09,2.9,2097.15
429,183.998,4.44E-17,4.40E-05,4194.3
430,192.387,3.60E-17,3.30E-05,8388.61
431,200,3.64E-07,0.35,7612.96
432,200.004,-8.50E-17,8.50E-05,4.096
433,200.008,1.35E-16,0.00013,4.096
434,200.016,2.00E-07,0.23,8.192
435,200.02,-1.05E-16,9.80E-05,3.616
436,200.021,1.58E-16,0.00015,1.024
437,200.022,-1.26E-16,0.00012,1.024
438,200.024,-1.09E-16,9.70E-05,2.048
439,200.028,-1.01E-08,0.004,4.096
440,200.032,7.18E-10,0.011,4.096
441,200.036,2.12E-08,0.29,4.096
442,200.045,2.27E-07,2.6,8.192
443,200.053,2.33E-08,0.046,8.192
444,200.061,5.47E-08,0.1,8.192
445,200.069,4.77E-08,0.35,8.192
446,200.077,-2.39E-08,0.025,8.192
447,200.086,2.01E-17,2.00E-05,8.192
448,200.094,-1.01E-11,0.15,8.192
449,200.102,3.07E-06,0.3,8.192
450,200.11,8.81E-11,0.0047,8.192
451,200.118,4.17E-05,0.21,8.192
452,200.126,-2.89E-11,18,8.192
453,200.135,2.88E-08,0.59,8.192
454,200.143,5.27E-08,0.95,8.192
455,200.151,5.60E-11,36,8.192
456,200.159,7.37E-07,0.15,8.192
457,200.167,-2.94E-10,0.064,8.192
458,200.176,-9.77E-08,0.074,8.192
459,200.184,-8.91E-09,0.017,8.192
460,200.2,8.81E-06,0.23,16.384
461,200.217,2.80E-17,2.80E-05,16.384
462,200.233,-3.09E-17,3.10E-05,16.384
463,200.266,8.02E-08,0.2,32.768
464,200.299,-2.56E-11,0.5,32.768
465,200.364,-4.11E-08,0.026,65.536
466,200.43,5.06E-09,0.045,65.536
467,200.495,-2.19E-17,2.20E-05,65.536
468,200.561,1.41E-08,0.41,65.536
469,200.626,-2.52E-17,2.50E-05,65.536
470,200.692,-6.15E-05,0.29,65.536
471,200.757,2.36E-07,2.3,65.536
472,200.823,-5.59E-17,5.10E-05,65.536
473,200.888,-5.62E-06,0.79,65.536
474,201.019,-5.72E-17,4.20E-05,131.072
475,201.282,-1.30E-10,0.27,262.144
476,201.806,1.10E-07,0.092,524.288
477,202.854,2.32E-07,0.21,1048.58
478,204.952,3.60E-07,0.34,2097.15
479,209.146,-0.000830939,0.45,4194.3
480,217.534,-0.000880424,0.53,8388.61
481,225,1.95E-05,0.4,7465.5
482,225.004,-9.97E-17,9.80E-05,4.096
483,225.008,3.10E-06,0.87,4.096
484,225.016,-5.36E-08,0.086,8.192
485,225.02,-7.05E-09,0.0062,3.616
486,225.022,7.09E-07,0.048,2.048
487,225.024,9.45E-17,9.00E-05,2.048
488,225.028,5.82E-17,5.30E-05,4.096
489,225.036,2.99E-09,0.78,8.192
490,225.045,2.61E-09,0.22,8.192
491,225.053,1.04E-16,2.90E-05,8.192
492,225.061,-1.19E-07,0.82,8.192
493,225.069,1.41E-07,0.44,8.192
494,225.077,3.04E-11,0.007,8.192
495,225.086,-1.07E-10,0.16,8.192
496,225.094,2.04E-17,2.00E-05,8.192
497,225.102,-1.44E-06,0.83,8.192
498,225.11,-1.33E-11,4.7,8.192
499,225.118,-6.00E-08,0.0083,8.192
500,225.126,-3.20E-10,0.0025,8.192
501,225.135,-5.12E-07,0.1,8.192
502,225.151,1.42E-17,1.40E-05,16.384
503,225.167,3.70E-05,0.54,16.384
504,225.184,-1.39E-08,1.00E+02,16.384
505,225.2,-5.30E-07,0.5,16.384
506,225.217,3.76E-07,0.36,16.384
507,225.233,-1.62E-08,0.75,16.384
508,225.249,3.81E-09,0.13,16.384
509,225.266,4.03E-07,0.59,16.384
510,225.282,3.07E-07,0.8,16.384
511,225.315,-8.96E-08,0.21,32.768
512,225.348,-6.42E-10,4.4,32.768
513,225.38,-0.000407286,0.54,32.768
514,225.413,0.000118733,0.3,32.768
515,225.446,2.25E-17,2.20E-05,32.768
516,225.479,-4.95E-06,12,32.768
517,225.544,-2.58E-06,29,65.536
518,225.61,-4.47E-08,4.2,65.536
519,225.675,-2.52E-17,2.50E-05,65.536
520,225.741,-2.52E-17,2.50E-05,65.536
521,225.872,-8.83E-07,0.75,131.072
522,226.134,-2.52E-17,2.50E-05,262.144
523,226.658,-7.72E-17,3.50E-05,524.288
524,227.707,1.35E-08,9.7,1048.58
525,229.804,1.43E-09,2.9,2097.15
526,233.998,-5.40E-17,5.30E-05,4194.3
527,242.387,-8.32E-17,7.00E-05,8388.61
528,250,-2.00E-16,0.0002,7612.96
529,250.004,6.56E-17,4.40E-05,4.096
530,250.008,5.92E-17,5.00E-05,4.096
531,250.016,2.00E-07,0.23,8.192
532,250.02,1.02E-16,9.50E-05,3.616
533,250.021,-5.11E-17,5.00E-05,1.024
534,250.022,-9.53E-17,9.10E-05,1.024
535,250.024,-1.56E-16,0.00014,2.048
536,250.028,-1.01E-08,0.004,4.096
537,250.032,7.18E-10,0.011,4.096
538,250.036,2.12E-08,0.29,4.096
539,250.045,2.27E-07,2.6,8.192
540,250.053,2.33E-08,0.046,8.192
541,250.061,5.47E-08,0.1,8.192
542,250.069,4.77E-08,0.35,8.192
543,250.077,-2.39E-08,0.025,8.192
544,250.086,2.01E-17,2.00E-05,8.192
545,250.094,-1.01E-11,0.15,8.192
546,250.102,3.07E-06,0.3,8.192
547,250.11,8.81E-11,0.0047,8.192
548,250.118,4.17E-05,0.21,8.192
549,250.126,-2.91E-11,18,8.192
550,250.135,2.88E-08,0.59,8.192
551,250.143,5.27E-08,0.95,8.192
552,250.151,5.60E-11,36,8.192
553,250.159,7.37E-07,0.15,8.192
554,250.167,-2.94E-10,0.064,8.192
555,250.176,-9.79E-08,0.074,8.192
556,250.184,-8.93E-09,0.017,8.192
557,250.2,8.81E-06,0.23,16.384
558,250.217,-2.30E-17,2.30E-05,16.384
559,250.233,2.48E-17,2.50E-05,16.384
560,250.266,8.01E-08,0.2,32.768
561,250.299,-2.55E-11,0.5,32.768
562,250.364,-4.11E-08,0.026,65.536
563,250.43,5.11E-09,0.046,65.536
564,250.495,-2.19E-17,2.20E-05,65.536
565,250.561,1.41E-08,0.41,65.536
566,250.626,5.22E-17,4.50E-05,65.536
567,250.692,-6.14E-05,0.29,65.536
568,250.757,2.36E-07,2.3,65.536
569,250.823,-2.52E-17,2.50E-05,65.536
570,250.888,-5.62E-06,0.79,65.536
571,251.019,-3.59E-17,2.60E-05,131.072
572,251.282,-1.30E-10,0.27,262.144
573,251.806,1.10E-07,0.092,524.288
574,252.854,2.32E-07,0.21,1048.58
575,254.952,3.60E-07,0.34,2097.15
576,259.146,-0.000830939,0.45,4194.3
577,267.534,5.75E-17,5.40E-05,8388.61
578,275,5.67E-17,5.60E-05,7465.5
579,275.004,-8.89E-17,8.80E-05,4.096
580,275.008,3.10E-06,0.87,4.096
581,275.016,-5.36E-08,0.086,8.192
582,275.02,-7.05E-09,0.0062,3.616
583,275.022,7.09E-07,0.048,2.048
584,275.024,1.41E-16,9.20E-05,2.048
585,275.028,1.38E-16,0.0001,4.096
586,275.036,2.99E-09,0.78,8.192
587,275.045,2.61E-09,0.22,8.192
588,275.053,-1.32E-16,3.60E-05,8.192
589,275.061,-1.19E-07,0.82,8.192
590,275.069,1.41E-07,0.44,8.192
591,275.077,3.04E-11,0.007,8.192
592,275.086,-1.07E-10,0.16,8.192
593,275.094,6.36E-17,2.50E-05,8.192
594,275.102,-1.45E-06,0.84,8.192
595,275.11,-1.32E-11,4.9,8.192
596,275.118,-6.00E-08,0.0083,8.192
597,275.126,-3.20E-10,0.0025,8.192
598,275.135,-5.12E-07,0.11,8.192
599,275.151,1.59E-17,1.50E-05,16.384
600,275.167,3.70E-05,0.54,16.384
601,275.184,-1.44E-08,1.00E+02,16.384
602,275.2,-5.30E-07,0.5,16.384
603,275.217,3.73E-07,0.36,16.384
604,275.233,-1.62E-08,0.74,16.384
605,275.249,3.73E-09,0.12,16.384
606,275.266,4.09E-07,0.6,16.384
607,275.282,3.09E-07,0.81,16.384
608,275.315,-9.07E-08,0.21,32.768
609,275.348,-6.44E-10,4.3,32.768
610,275.38,-0.000405054,0.53,32.768
611,275.413,0.000121194,0.32,32.768
612,275.446,-3.17E-17,3.20E-05,32.768
613,275.479,-4.94E-06,12,32.768
614,275.544,-2.59E-06,29,65.536
615,275.61,-4.50E-08,4.3,65.536
616,275.675,-2.52E-17,2.50E-05,65.536
617,275.741,-2.52E-17,2.50E-05,65.536
618,275.872,-8.85E-07,0.75,131.072
619,276.134,-1.10E-16,3.40E-05,262.144
620,276.658,-1.34E-16,6.00E-05,524.288
621,277.707,1.35E-08,9.7,1048.58
622,279.804,1.43E-09,2.9,2097.15
623,283.998,6.73E-17,4.90E-05,4194.3
624,292.387,8.52E-17,8.50E-05,8388.61
625,300,9.98E-17,0.0001,7612.96
626,300.004,-8.66E-17,8.60E-05,4.096
627,300.008,8.96E-17,8.90E-05,4.096
628,300.016,2.00E-07,0.23,8.192
629,300.02,8.82E-17,8.20E-05,3.616
630,300.021,1.42E-15,0.00023,1.024
631,300.022,2.30E-15,0.00026,1.024
632,300.024,6.79E-17,6.10E-05,2.048
633,300.028,-1.01E-08,0.004,4.096
634,300.032,7.18E-10,0.011,4.096
635,300.036,2.12E-08,0.29,4.096
636,300.045,2.27E-07,2.6,8.192
637,300.053,2.33E-08,0.046,8.192
638,300.061,5.47E-08,0.1,8.192
639,300.069,4.77E-08,0.35,8.192
640,300.077,-2.39E-08,0.025,8.192
641,300.086,2.01E-17,2.00E-05,8.192
642,300.094,-1.01E-11,0.15,8.192
643,300.102,3.07E-06,0.3,8.192
644,300.11,8.81E-11,0.0047,8.192
645,300.118,4.17E-05,0.21,8.192
646,300.126,-2.92E-11,18,8.192
647,300.135,2.82E-08,0.58,8.192
648,300.143,5.34E-08,0.96,8.192
649,300.151,5.60E-11,36,8.192
650,300.159,7.37E-07,0.15,8.192
651,300.167,-2.95E-10,0.064,8.192
652,300.176,-9.79E-08,0.074,8.192
653,300.184,-8.93E-09,0.017,8.192
654,300.2,8.79E-06,0.23,16.384
655,300.217,-2.30E-17,2.30E-05,16.384
656,300.233,3.15E-17,3.10E-05,16.384
657,300.266,8.01E-08,0.2,32.768
658,300.299,-2.55E-11,0.5,32.768
659,300.364,-4.11E-08,0.026,65.536
660,300.43,5.11E-09,0.046,65.536
661,300.495,-2.19E-17,2.20E-05,65.536
662,300.561,1.41E-08,0.41,65.536
663,300.626,3.39E-17,2.90E-05,65.536
664,300.692,-6.14E-05,0.29,65.536
665,300.757,2.36E-07,2.3,65.536
666,300.823,-7.65E-17,7.00E-05,65.536
667,300.888,-5.62E-06,0.79,65.536
668,301.019,6.34E-17,5.40E-05,131.072
669,301.282,-1.30E-10,0.27,262.144
670,301.806,1.10E-07,0.092,524.288
671,302.854,2.32E-07,0.21,1048.58
672,304.952,3.60E-07,0.34,2097.15
673,309.146,-0.000830939,0.45,4194.3
674,317.534,-0.000880422,0.53,8388.61
675,325,-1.24E-16,0.00012,7465.5
676,325.004,-1.06E-16,0.00011,4.096
677,325.008,3.10E-06,0.87,4.096
678,325.016,-5.36E-08,0.086,8.192
679,325.02,-7.05E-09,0.0062,3.616
680,325.022,7.09E-07,0.048,2.048
681,325.024,-9.32E-16,0.00013,2.048
682,325.028,4.44E-16,9.90E-05,4.096
683,325.036,2.99E-09,0.78,8.192
684,325.045,2.61E-09,0.22,8.192
685,325.053,2.25E-17,2.20E-05,8.192
686,325.061,-1.19E-07,0.82,8.192
687,325.069,1.41E-07,0.44,8.192
688,325.077,3.04E-11,0.007,8.192
689,325.086,-1.07E-10,0.16,8.192
690,325.094,-1.84E-17,1.80E-05,8.192
691,325.102,-1.44E-06,0.83,8.192
692,325.11,-1.32E-11,4.9,8.192
693,325.118,-6.00E-08,0.0083,8.192
694,325.126,-3.20E-10,0.0025,8.192
695,325.135,-5.12E-07,0.12,8.192
696,325.151,1.42E-17,1.40E-05,16.384
697,325.167,3.70E-05,0.54,16.384
698,325.184,-1.47E-08,1.00E+02,16.384
699,325.2,-5.30E-07,0.5,16.384
700,325.217,3.76E-07,0.36,16.384
701,325.233,-1.62E-08,0.75,16.384
702,325.249,3.80E-09,0.13,16.384
703,325.266,4.03E-07,0.59,16.384
704,325.282,3.07E-07,0.81,16.384
705,325.315,-8.97E-08,0.21,32.768
706,325.348,-6.42E-10,4.4,32.768
707,325.38,-0.000407027,0.54,32.768
708,325.413,0.00011901,0.3,32.768
709,325.446,-3.61E-17,3.60E-05,32.768
710,325.479,-4.95E-06,12,32.768
711,325.544,-2.58E-06,29,65.536
712,325.61,-4.48E-08,4.2,65.536
713,325.675,-2.52E-17,2.50E-05,65.536
714,325.741,-2.52E-17,2.50E-05,65.536
715,325.872,-8.83E-07,0.75,131.072
716,326.134,-6.39E-17,5.20E-05,262.144
717,326.658,4.62E-17,4.50E-05,524.288
718,327.707,1.35E-08,9.7,1048.58
719,329.804,1.43E-09,2.9,2097.15
720,333.998,6.36E-17,3.80E-05,4194.3
721,342.387,1.15E-16,0.00011,8388.61
722,350,-1.27E-16,0.00013,7612.96
723,350.004,7.89E-17,7.90E-05,4.096
724,350.008,3.03E-16,8.00E-05,4.096
725,350.016,2.00E-07,0.23,8.192
726,350.02,-7.34E-17,6.90E-05,3.616
727,350.021,-4.00E-16,9.10E-05,1.024
728,350.022,-1.40E-15,0.00031,1.024
729,350.024,-1.19E-15,0.00027,2.048
730,350.028,-1.01E-08,0.004,4.096
731,350.032,7.18E-10,0.011,4.096
732,350.036,2.12E-08,0.29,4.096
733,350.045,2.27E-07,2.6,8.192
734,350.053,2.33E-08,0.046,8.192
735,350.061,5.47E-08,0.1,8.192
736,350.069,4.77E-08,0.35,8.192
737,350.077,-2.39E-08,0.025,8.192
738,350.086,2.01E-17,2.00E-05,8.192
739,350.094,-1.01E-11,0.15,8.192
740,350.102,3.07E-06,0.3,8.192
741,350.11,8.81E-11,0.0047,8.192
742,350.118,4.17E-05,0.21,8.192
743,350.126,-2.93E-11,18,8.192
744,350.135,2.87E-08,0.59,8.192
745,350.143,5.28E-08,0.95,8.192
746,350.151,5.60E-11,36,8.192
747,350.159,7.37E-07,0.15,8.192
748,350.167,-2.94E-10,0.064,8.192
749,350.176,-9.79E-08,0.074,8.192
750,350.184,-8.93E-09,0.017,8.192
751,350.2,8.81E-06,0.23,16.384
752,350.217,-2.33E-17,2.30E-05,16.384
753,350.233,3.01E-17,3.00E-05,16.384
754,350.266,8.01E-08,0.2,32.768
755,350.299,-2.56E-11,0.5,32.768
756,350.364,-4.11E-08,0.026,65.536
757,350.43,5.10E-09,0.046,65.536
758,350.495,-2.19E-17,2.20E-05,65.536
759,350.561,1.41E-08,0.41,65.536
760,350.626,-2.52E-17,2.50E-05,65.536
761,350.692,-6.14E-05,0.29,65.536
762,350.757,2.36E-07,2.3,65.536
763,350.823,4.30E-17,3.90E-05,65.536
764,350.888,-5.62E-06,0.79,65.536
765,351.019,-2.52E-17,2.50E-05,131.072
766,351.282,-1.30E-10,0.27,262.144
767,351.806,1.10E-07,0.092,524.288
768,352.854,2.32E-07,0.21,1048.58
769,354.952,3.60E-07,0.34,2097.15
770,359.146,-0.000830938,0.45,4194.3
771,367.534,-1.67E-16,0.00016,8388.61
772,375,-1.33E-16,0.00013,7465.5
773,375.004,-1.12E-16,0.00011,4.096
774,375.008,3.10E-06,0.87,4.096
775,375.016,-5.36E-08,0.086,8.192
776,375.02,-7.05E-09,0.0062,3.616
777,375.022,7.09E-07,0.048,2.048
778,375.024,1.24E-16,0.00012,2.048
779,375.028,3.44E-16,0.00016,4.096
780,375.036,2.99E-09,0.78,8.192
781,375.045,2.61E-09,0.22,8.192
782,375.053,5.45E-17,4.00E-05,8.192
783,375.061,-1.19E-07,0.82,8.192
784,375.069,1.41E-07,0.44,8.192
785,375.077,3.04E-11,0.007,8.192
786,375.086,-1.07E-10,0.16,8.192
787,375.094,6.31E-17,2.50E-05,8.192
788,375.102,-1.45E-06,0.84,8.192
789,375.11,-1.32E-11,5,8.192
790,375.118,-6.00E-08,0.0083,8.192
791,375.126,-3.20E-10,0.0025,8.192
792,375.135,-5.12E-07,0.13,8.192
793,375.151,1.42E-17,1.40E-05,16.384
794,375.167,3.70E-05,0.54,16.384
795,375.184,-1.48E-08,1.00E+02,16.384
796,375.2,-5.30E-07,0.5,16.384
797,375.217,3.73E-07,0.36,16.384
798,375.233,-1.62E-08,0.74,16.384
799,375.249,3.73E-09,0.12,16.384
800,375.266,4.09E-07,0.6,16.384
801,375.282,3.09E-07,0.81,16.384
802,375.315,-9.07E-08,0.21,32.768
803,375.348,-6.44E-10,4.3,32.768
804,375.38,-0.000405069,0.53,32.768
805,375.413,0.000121177,0.32,32.768
806,375.446,-3.17E-17,3.20E-05,32.768
807,375.479,-4.94E-06,12,32.768
808,375.544,-2.59E-06,29,65.536
809,375.61,-4.50E-08,4.3,65.536
810,375.675,-2.52E-17,2.50E-05,65.536
811,375.741,-2.52E-17,2.50E-05,65.536
812,375.872,-8.85E-07,0.75,131.072
813,376.134,-3.81E-17,3.50E-05,262.144
814,376.658,-5.46E-17,2.80E-05,524.288
815,377.707,1.35E-08,9.7,1048.58
816,379.804,1.43E-09,2.9,2097.15
817,383.998,-2.52E-17,2.50E-05,4194.3
818,392.387,1.27E-16,0.00013,8388.61
819,400,8.24E-17,8.20E-05,7612.96
820,400.004,-2.03E-16,0.0002,4.096
821,400.008,1.96E-16,0.00019,4.096
822,400.016,2.00E-07,0.23,8.192
823,400.02,-5.79E-16,0.00019,3.616
824,400.021,9.55E-16,0.00045,1.024
825,400.022,-1.54E-16,0.00015,1.024
826,400.024,-1.22E-15,0.00041,2.048
827,400.028,-1.01E-08,0.004,4.096
828,400.032,7.18E-10,0.011,4.096
829,400.036,2.12E-08,0.29,4.096
830,400.045,2.27E-07,2.6,8.192
831,400.053,2.33E-08,0.046,8.192
832,400.061,5.47E-08,0.1,8.192
833,400.069,4.77E-08,0.35,8.192
834,400.077,-2.39E-08,0.025,8.192
835,400.086,2.25E-17,2.30E-05,8.192
836,400.094,-1.01E-11,0.15,8.192
837,400.102,3.07E-06,0.3,8.192
838,400.11,8.81E-11,0.0047,8.192
839,400.118,4.17E-05,0.21,8.192
840,400.126,-2.93E-11,18,8.192
841,400.135,2.82E-08,0.58,8.192
842,400.143,5.34E-08,0.96,8.192
843,400.151,5.60E-11,36,8.192
844,400.159,7.37E-07,0.15,8.192
845,400.167,-2.95E-10,0.064,8.192
846,400.176,-9.79E-08,0.074,8.192
847,400.184,-8.93E-09,0.017,8.192
848,400.2,8.79E-06,0.23,16.384
849,400.217,-2.58E-17,2.60E-05,16.384
850,400.233,2.48E-17,2.50E-05,16.384
851,400.266,8.01E-08,0.2,32.768
852,400.299,-2.56E-11,0.5,32.768
853,400.364,-4.11E-08,0.026,65.536
854,400.43,5.10E-09,0.046,65.536
855,400.495,-2.19E-17,2.20E-05,65.536
856,400.561,1.41E-08,0.41,65.536
857,400.626,-3.69E-17,3.20E-05,65.536
858,400.692,-6.14E-05,0.29,65.536
859,400.757,2.36E-07,2.3,65.536
860,400.823,1.34E-16,4.00E-05,65.536
861,400.888,-5.62E-06,0.79,65.536
862,401.019,6.50E-17,4.00E-05,131.072
863,401.282,-1.30E-10,0.27,262.144
864,401.806,1.10E-07,0.092,524.288
865,402.854,2.32E-07,0.21,1048.58
866,404.952,3.60E-07,0.34,2097.15
867,409.146,-0.00083094,0.45,4194.3
868,417.534,-6.96E-17,6.60E-05,8388.61
869,425,6.47E-05,0.91,7465.5
870,425.004,1.51E-16,0.00013,4.096
871,425.008,3.10E-06,0.87,4.096
872,425.016,-5.36E-08,0.086,8.192
873,425.02,-7.05E-09,0.0062,3.616
874,425.022,7.09E-07,0.048,2.048
875,425.024,1.28E-16,0.00012,2.048
876,425.028,-3.72E-16,0.0003,4.096
877,425.036,2.99E-09,0.78,8.192
878,425.045,2.61E-09,0.22,8.192
879,425.053,-2.24E-17,2.20E-05,8.192
880,425.061,-1.19E-07,0.82,8.192
881,425.069,1.41E-07,0.44,8.192
882,425.077,3.04E-11,0.007,8.192
883,425.086,-1.07E-10,0.16,8.192
884,425.094,-2.77E-17,2.80E-05,8.192
885,425.102,-1.45E-06,0.84,8.192
886,425.11,-1.31E-11,5,8.192
887,425.118,-6.00E-08,0.0083,8.192
888,425.126,-3.20E-10,0.0025,8.192
889,425.135,-5.12E-07,0.14,8.192
890,425.151,-1.56E-17,1.60E-05,16.384
891,425.167,3.70E-05,0.54,16.384
892,425.184,-1.48E-08,1.00E+02,16.384
893,425.2,-5.30E-07,0.5,16.384
894,425.217,3.73E-07,0.36,16.384
895,425.233,-1.62E-08,0.74,16.384
896,425.249,3.74E-09,0.12,16.384
897,425.266,4.09E-07,0.6,16.384
898,425.282,3.09E-07,0.81,16.384
899,425.315,-9.06E-08,0.21,32.768
900,425.348,-6.44E-10,4.3,32.768
901,425.38,-0.000405284,0.53,32.768
902,425.413,0.000120935,0.31,32.768
903,425.446,-3.17E-17,3.20E-05,32.768
904,425.479,-4.94E-06,12,32.768
905,425.544,-2.59E-06,29,65.536
906,425.61,-4.49E-08,4.3,65.536
907,425.675,-2.52E-17,2.50E-05,65.536
908,425.741,1.46E-16,3.40E-05,65.536
909,425.872,-8.85E-07,0.75,131.072
910,426.134,-3.10E-17,2.50E-05,262.144
911,426.658,-2.52E-17,2.50E-05,524.288
912,427.707,1.35E-08,9.7,1048.58
913,429.804,1.43E-09,2.9,2097.15
914,433.998,9.39E-17,5.30E-05,4194.3
915,442.387,-5.78E-17,5.70E-05,8388.61
916,450,-8.64E-17,8.60E-05,7612.96
917,450.004,3.55E-16,0.00018,4.096
918,450.008,-3.09E-16,0.00014,4.096
919,450.016,2.00E-07,0.23,8.192
920,450.02,4.16E-16,0.00018,3.616
921,450.021,8.76E-16,0.00052,1.024
922,450.022,1.08E-15,0.00052,1.024
923,450.024,1.06E-15,0.00044,2.048
924,450.028,-1.01E-08,0.004,4.096
925,450.032,7.18E-10,0.011,4.096
926,450.036,2.12E-08,0.29,4.096
927,450.045,2.27E-07,2.6,8.192
928,450.053,2.33E-08,0.046,8.192
929,450.061,5.47E-08,0.1,8.192
930,450.069,4.77E-08,0.35,8.192
931,450.077,-2.39E-08,0.025,8.192
932,450.086,2.01E-17,2.00E-05,8.192
933,450.094,-1.01E-11,0.15,8.192
934,450.102,3.07E-06,0.3,8.192
935,450.11,8.81E-11,0.0047,8.192
936,450.118,4.17E-05,0.21,8.192
937,450.126,-2.94E-11,18,8.192
938,450.135,2.83E-08,0.58,8.192
939,450.143,5.34E-08,0.96,8.192
940,450.151,5.60E-11,36,8.192
941,450.159,7.37E-07,0.15,8.192
942,450.167,-2.95E-10,0.064,8.192
943,450.176,-9.79E-08,0.074,8.192
944,450.184,-8.93E-09,0.017,8.192
945,450.2,8.79E-06,0.23,16.384
946,450.217,-2.33E-17,2.30E-05,16.384
947,450.233,-2.19E-17,2.20E-05,16.384
948,450.266,8.01E-08,0.2,32.768
949,450.299,-2.56E-11,0.5,32.768
950,450.364,-4.11E-08,0.026,65.536
951,450.43,5.10E-09,0.046,65.536
952,450.495,-2.19E-17,2.20E-05,65.536
953,450.561,1.41E-08,0.41,65.536
954,450.626,-2.52E-17,2.50E-05,65.536
955,450.692,-6.14E-05,0.29,65.536
956,450.757,2.36E-07,2.3,65.536
957,450.823,-5.24E-17,4.80E-05,65.536
958,450.888,-5.62E-06,0.79,65.536
959,451.019,-3.87E-17,3.00E-05,131.072
960,451.282,-1.30E-10,0.27,262.144
961,451.806,1.10E-07,0.092,524.288
962,452.854,2.32E-07,0.21,1048.58
963,454.952,3.60E-07,0.34,2097.15
964,459.146,-0.000830938,0.45,4194.3
965,467.534,1.28E-16,0.00012,8388.61
966,475,-8.52E-17,8.40E-05,7465.5
967,475.004,1.14E-16,0.00011,4.096
968,475.008,3.10E-06,0.87,4.096
969,475.016,-5.36E-08,0.086,8.192
970,475.02,-7.05E-09,0.0062,3.616
971,475.022,7.09E-07,0.048,2.048
972,475.024,6.64E-16,0.00022,2.048
973,475.028,1.69E-16,0.00011,4.096
974,475.036,2.99E-09,0.78,8.192
975,475.045,2.61E-09,0.22,8.192
976,475.053,-1.81E-16,5.00E-05,8.192
977,475.061,-1.19E-07,0.82,8.192
978,475.069,1.41E-07,0.44,8.192
979,475.077,3.04E-11,0.007,8.192
980,475.086,-1.07E-10,0.16,8.192
981,475.094,2.96E-17,3.00E-05,8.192
982,475.102,-1.45E-06,0.84,8.192
983,475.11,-1.31E-11,5,8.192
984,475.118,-6.00E-08,0.0083,8.192
985,475.126,-3.20E-10,0.0025,8.192
986,475.135,-5.12E-07,0.14,8.192
987,475.151,1.42E-17,1.40E-05,16.384
988,475.167,3.70E-05,0.54,16.384
989,475.184,-1.48E-08,1.00E+02,16.384
990,475.2,-5.30E-07,0.5,16.384
991,475.217,3.73E-07,0.36,16.384
992,475.233,-1.62E-08,0.74,16.384
993,475.249,3.73E-09,0.12,16.384
994,475.266,4.09E-07,0.6,16.384
995,475.282,3.09E-07,0.81,16.384
996,475.315,-9.07E-08,0.21,32.768
997,475.348,-6.44E-10,4.3,32.768
998,475.38,-0.000405079,0.53,32.768
999,475.413,0.000121165,0.32,32.768
1000,475.446,-3.17E-17,3.20E-05,32.768
1001,475.479,-4.94E-06,12,32.768
1002,475.544,-2.59E-06,29,65.536
1003,475.61,-4.50E-08,4.3,65.536
1004,475.675,-5.56E-17,3.20E-05,65.536
1005,475.741,5.18E-17,3.00E-05,65.536
1006,475.872,-8.85E-07,0.75,131.072
1007,476.134,1.40E-16,4.40E-05,262.144
1008,476.658,-3.69E-17,3.30E-05,524.288
1009,477.707,1.35E-08,9.7,1048.58
1010,479.804,1.43E-09,2.9,2097.15
1011,483.998,1.58E-16,0.00011,4194.3
1012,492.387,8.85E-17,8.80E-05,8388.61
1013,500,0.00013552,0.93,7612.96
1014,500.004,2.58E-16,0.00015,4.096
1015,500.008,-5.52E-17,5.30E-05,4.096
1016,500.016,2.00E-07,0.23,8.192
1017,500.02,3.33E-16,0.00017,3.616
1018,500.021,-9.50E-16,0.00065,1.024
1019,500.022,1.01E-15,0.00058,1.024
1020,500.024,9.89E-16,0.00047,2.048
1021,500.028,-1.01E-08,0.004,4.096
1022,500.032,7.18E-10,0.011,4.096
1023,500.036,2.12E-08,0.29,4.096
1024,500.045,2.27E-07,2.6,8.192
1025,500.053,2.33E-08,0.046,8.192
1026,500.061,5.47E-08,0.1,8.192
1027,500.069,4.77E-08,0.35,8.192
1028,500.077,-2.39E-08,0.025,8.192
1029,500.086,2.01E-17,2.00E-05,8.192
1030,500.094,-1.01E-11,0.15,8.192
1031,500.102,3.07E-06,0.3,8.192
1032,500.11,8.81E-11,0.0047,8.192
1033,500.118,4.17E-05,0.21,8.192
1034,500.126,-2.94E-11,18,8.192
1035,500.135,2.82E-08,0.58,8.192
1036,500.143,5.34E-08,0.96,8.192
1037,500.151,5.60E-11,36,8.192
1038,500.159,7.37E-07,0.15,8.192
1039,500.167,-2.95E-10,0.064,8.192
1040,500.176,-9.77E-08,0.074,8.192
1041,500.184,-8.91E-09,0.017,8.192
1042,500.2,8.79E-06,0.23,16.384
1043,500.217,-2.30E-17,2.30E-05,16.384
1044,500.233,-1.99E-17,2.00E-05,16.384
1045,500.266,8.02E-08,0.2,32.768
1046,500.299,-2.57E-11,0.5,32.768
1047,500.364,-4.11E-08,0.026,65.536
1048,500.43,5.05E-09,0.045,65.536
1049,500.495,-2.19E-17,2.20E-05,65.536
1050,500.561,1.41E-08,0.41,65.536
1051,500.626,-3.42E-17,2.90E-05,65.536
1052,500.692,-6.16E-05,0.29,65.536
1053,500.757,2.36E-07,2.3,65.536
1054,500.823,4.76E-17,4.30E-05,65.536
1055,500.888,-5.62E-06,0.79,65.536
1056,501.019,5.83E-17,3.60E-05,131.072
1057,501.282,-1.30E-10,0.27,262.144
1058,501.806,1.10E-07,0.092,524.288
1059,502.854,2.32E-07,0.21,1048.58
1060,504.952,3.60E-07,0.34,2097.15
1061,509.146,-0.000830939,0.45,4194.3
1062,517.534,-7.98E-17,7.50E-05,8388.61
1063,525,-1.31E-16,0.00013,7465.5
1064,525.004,1.97E-16,0.00018,4.096
1065,525.008,3.10E-06,0.87,4.096
1066,525.016,-5.36E-08,0.086,8.192
1067,525.02,-7.05E-09,0.0062,3.616
1068,525.022,7.09E-07,0.048,2.048
1069,525.024,-8.14E-17,7.70E-05,2.048
1070,525.028,1.51E-16,9.00E-05,4.096
1071,525.036,2.99E-09,0.78,8.192
1072,525.045,2.61E-09,0.22,8.192
1073,525.053,1.78E-16,4.90E-05,8.192
1074,525.061,-1.19E-07,0.82,8.192
1075,525.069,1.41E-07,0.44,8.192
1076,525.077,3.04E-11,0.007,8.192
1077,525.086,-1.07E-10,0.16,8.192
1078,525.094,2.04E-17,2.00E-05,8.192
1079,525.102,-1.45E-06,0.84,8.192
1080,525.11,-1.31E-11,5,8.192
1081,525.118,-6.00E-08,0.0083,8.192
1082,525.126,-3.20E-10,0.0025,8.192
1083,525.135,-5.12E-07,0.15,8.192
1084,525.151,1.42E-17,1.40E-05,16.384
1085,525.167,3.70E-05,0.54,16.384
1086,525.184,-1.48E-08,1.00E+02,16.384
1087,525.2,-5.30E-07,0.5,16.384
1088,525.217,3.73E-07,0.36,16.384
1089,525.233,-1.62E-08,0.74,16.384
1090,525.249,3.73E-09,0.12,16.384
1091,525.266,4.09E-07,0.6,16.384
1092,525.282,3.09E-07,0.81,16.384
1093,525.315,-9.07E-08,0.21,32.768
1094,525.348,-6.44E-10,4.3,32.768
1095,525.38,-0.000405086,0.53,32.768
1096,525.413,0.000121158,0.32,32.768
1097,525.446,-3.17E-17,3.20E-05,32.768
1098,525.479,-4.94E-06,12,32.768
1099,525.544,-2.59E-06,29,65.536
1100,525.61,-4.50E-08,4.3,65.536
1101,525.675,-2.52E-17,2.50E-05,65.536
1102,525.741,-2.52E-17,2.50E-05,65.536
1103,525.872,-8.85E-07,0.75,131.072
1104,526.134,-3.60E-17,3.00E-05,262.144
1105,526.658,4.39E-17,3.90E-05,524.288
1106,527.707,1.35E-08,9.7,1048.58
1107,529.804,1.43E-09,2.9,2097.15
1108,533.998,-1.41E-16,0.00012,4194.3
1109,542.387,1.06E-16,9.70E-05,8388.61
1110,550,1.04E-16,0.0001,7612.96
1111,550.004,-1.28E-16,8.50E-05,4.096
1112,550.008,-3.27E-16,0.00018,4.096
1113,550.016,2.00E-07,0.23,8.192
1114,550.02,-1.29E-16,0.00012,3.616
1115,550.021,-7.12E-16,0.00053,1.024
1116,550.022,-1.46E-15,0.00095,1.024
1117,550.024,6.56E-16,0.00034,2.048
1118,550.028,-1.01E-08,0.004,4.096
1119,550.032,7.18E-10,0.011,4.096
1120,550.036,2.12E-08,0.29,4.096
1121,550.045,2.27E-07,2.6,8.192
1122,550.053,2.33E-08,0.046,8.192
1123,550.061,5.47E-08,0.1,8.192
1124,550.069,4.77E-08,0.35,8.192
1125,550.077,-2.39E-08,0.025,8.192
1126,550.086,2.01E-17,2.00E-05,8.192
1127,550.094,-1.01E-11,0.15,8.192
1128,550.102,3.07E-06,0.3,8.192
1129,550.11,8.81E-11,0.0047,8.192
1130,550.118,4.17E-05,0.21,8.192
1131,550.126,-2.94E-11,18,8.192
1132,550.135,2.82E-08,0.58,8.192
1133,550.143,5.34E-08,0.96,8.192
1134,550.151,5.60E-11,36,8.192
1135,550.159,7.37E-07,0.15,8.192
1136,550.167,-2.95E-10,0.064,8.192
1137,550.176,-9.79E-08,0.074,8.192
1138,550.184,-8.93E-09,0.017,8.192
1139,550.2,8.79E-06,0.23,16.384
1140,550.217,2.98E-17,3.00E-05,16.384
1141,550.233,-2.19E-17,2.20E-05,16.384
1142,550.266,8.01E-08,0.2,32.768
1143,550.299,-2.56E-11,0.5,32.768
1144,550.364,-4.11E-08,0.026,65.536
1145,550.43,5.10E-09,0.046,65.536
1146,550.495,-2.19E-17,2.20E-05,65.536
1147,550.561,1.41E-08,0.41,65.536
1148,550.626,-2.52E-17,2.50E-05,65.536
1149,550.692,-6.14E-05,0.29,65.536
1150,550.757,2.36E-07,2.3,65.536
1151,550.823,9.53E-17,2.80E-05,65.536
1152,550.888,-5.62E-06,0.79,65.536
1153,551.019,-2.52E-17,2.50E-05,131.072
1154,551.282,-1.30E-10,0.27,262.144
1155,551.806,1.10E-07,0.092,524.288
1156,552.854,2.32E-07,0.21,1048.58
1157,554.952,3.60E-07,0.34,2097.15
1158,559.146,-0.000830939,0.45,4194.3
1159,567.534,-0.000880421,0.53,8388.61
1160,575,5.54E-17,5.40E-05,7465.5
1161,575.004,-1.27E-16,0.00013,4.096
1162,575.008,3.10E-06,0.87,4.096
1163,575.016,-5.36E-08,0.086,8.192
1164,575.02,-7.05E-09,0.0062,3.616
1165,575.022,7.09E-07,0.048,2.048
1166,575.024,1.72E-16,0.00016,2.048
1167,575.028,1.71E-16,0.00013,4.096
1168,575.036,2.99E-09,0.78,8.192
1169,575.045,2.61E-09,0.22,8.192
1170,575.053,1.91E-16,5.20E-05,8.192
1171,575.061,-1.19E-07,0.82,8.192
1172,575.069,1.41E-07,0.44,8.192
1173,575.077,3.04E-11,0.007,8.192
1174,575.086,-1.07E-10,0.16,8.192
1175,575.094,5.22E-17,2.00E-05,8.192
1176,575.102,-1.44E-06,0.83,8.192
1177,575.11,-1.31E-11,5,8.192
1178,575.118,-6.00E-08,0.0083,8.192
1179,575.126,-3.20E-10,0.0025,8.192
1180,575.135,-5.12E-07,0.16,8.192
1181,575.151,1.42E-17,1.40E-05,16.384
1182,575.167,3.70E-05,0.54,16.384
1183,575.184,-1.47E-08,1.00E+02,16.384
1184,575.2,-5.30E-07,0.5,16.384
1185,575.217,3.76E-07,0.36,16.384
1186,575.233,-1.62E-08,0.75,16.384
1187,575.249,3.80E-09,0.13,16.384
1188,575.266,4.03E-07,0.59,16.384
1189,575.282,3.07E-07,0.81,16.384
1190,575.315,-8.97E-08,0.21,32.768
1191,575.348,-6.42E-10,4.4,32.768
1192,575.38,-0.000407054,0.54,32.768
1193,575.413,0.000118982,0.3,32.768
1194,575.446,2.05E-17,2.10E-05,32.768
1195,575.479,-4.95E-06,12,32.768
1196,575.544,-2.58E-06,29,65.536
1197,575.61,-4.48E-08,4.2,65.536
1198,575.675,-2.52E-17,2.50E-05,65.536
1199,575.741,6.84E-17,4.00E-05,65.536
1200,575.872,-8.83E-07,0.75,131.072
1201,576.134,-4.05E-17,3.30E-05,262.144
1202,576.658,1.28E-16,5.80E-05,524.288
1203,577.707,1.35E-08,9.7,1048.58
1204,579.804,1.43E-09,2.9,2097.15
1205,583.998,-1.08E-16,0.00011,4194.3
1206,592.387,-1.62E-16,0.00015,8388.61
1207,600,6.43E-05,0.89,7612.96
1208,600.004,7.90E-17,7.90E-05,4.096
1209,600.008,-3.37E-16,0.00021,4.096
1210,600.016,2.00E-07,0.23,8.192
1211,600.02,-6.21E-16,0.00039,3.616
1212,600.021,8.50E-16,0.00068,1.024
1213,600.022,1.50E-15,0.0011,1.024
1214,600.024,-8.59E-16,0.00047,2.048
1215,600.028,-1.01E-08,0.004,4.096
1216,600.032,7.18E-10,0.011,4.096
1217,600.036,2.12E-08,0.29,4.096
1218,600.045,2.27E-07,2.6,8.192
1219,600.053,2.33E-08,0.046,8.192
1220,600.061,5.47E-08,0.1,8.192
1221,600.069,4.77E-08,0.35,8.192
1222,600.077,-2.39E-08,0.025,8.192
1223,600.086,2.01E-17,2.00E-05,8.192
1224,600.094,-1.01E-11,0.15,8.192
1225,600.102,3.07E-06,0.3,8.192
1226,600.11,8.81E-11,0.0047,8.192
1227,600.118,4.17E-05,0.21,8.192
1228,600.126,-2.94E-11,18,8.192
1229,600.135,2.87E-08,0.59,8.192
1230,600.143,5.28E-08,0.95,8.192
1231,600.151,5.60E-11,36,8.192
1232,600.159,7.36E-07,0.15,8.192
1233,600.167,-2.94E-10,0.064,8.192
1234,600.176,-9.77E-08,0.074,8.192
1235,600.184,-8.91E-09,0.017,8.192
1236,600.2,8.81E-06,0.23,16.384
1237,600.217,-2.29E-17,2.30E-05,16.384
1238,600.233,3.46E-17,3.50E-05,16.384
1239,600.266,8.02E-08,0.2,32.768
1240,600.299,-2.57E-11,0.5,32.768
1241,600.364,-4.11E-08,0.026,65.536
1242,600.43,5.04E-09,0.045,65.536
1243,600.495,-2.19E-17,2.20E-05,65.536
1244,600.561,1.41E-08,0.41,65.536
1245,600.626,-2.52E-17,2.50E-05,65.536
1246,600.692,-6.16E-05,0.29,65.536
1247,600.757,2.36E-07,2.3,65.536
1248,600.823,9.49E-17,2.80E-05,65.536
1249,600.888,-5.62E-06,0.79,65.536
1250,601.019,4.34E-17,3.70E-05,131.072
1251,601.282,-1.30E-10,0.27,262.144
1252,601.806,1.10E-07,0.092,524.288
1253,602.854,2.32E-07,0.21,1048.58
1254,604.952,3.60E-07,0.34,2097.15
1255,609.146,3.88E-05,0.52,4194.3
1256,617.534,-6.58E-17,6.60E-05,8388.61
1257,625,3.15E-17,3.10E-05,7465.5
1258,625.004,1.36E-16,0.00013,4.096
1259,625.008,3.10E-06,0.87,4.096
1260,625.016,-5.36E-08,0.086,8.192
1261,625.02,-7.05E-09,0.0062,3.616
1262,625.022,7.09E-07,0.048,2.048
1263,625.024,-6.72E-16,0.00033,2.048
1264,625.028,-3.59E-16,0.00019,4.096
1265,625.036,2.99E-09,0.78,8.192
1266,625.045,2.61E-09,0.22,8.192
1267,625.053,-7.76E-17,2.10E-05,8.192
1268,625.061,-1.19E-07,0.82,8.192
1269,625.069,1.41E-07,0.44,8.192
1270,625.077,3.04E-11,0.007,8.192
1271,625.086,-1.07E-10,0.16,8.192
1272,625.094,2.04E-17,2.00E-05,8.192
1273,625.102,-1.45E-06,0.84,8.192
1274,625.11,-1.31E-11,5,8.192
1275,625.118,-6.00E-08,0.0083,8.192
1276,625.126,-3.20E-10,0.0025,8.192
1277,625.135,-5.12E-07,0.16,8.192
1278,625.151,1.42E-17,1.40E-05,16.384
1279,625.167,3.70E-05,0.54,16.384
1280,625.184,-1.47E-08,1.00E+02,16.384
1281,625.2,-5.30E-07,0.5,16.384
1282,625.217,3.73E-07,0.36,16.384
1283,625.233,-1.62E-08,0.74,16.384
1284,625.249,3.73E-09,0.12,16.384
1285,625.266,4.09E-07,0.6,16.384
1286,625.282,3.09E-07,0.81,16.384
1287,625.315,-9.07E-08,0.21,32.768
1288,625.348,-6.44E-10,4.3,32.768
1289,625.38,-0.000405092,0.53,32.768
1290,625.413,0.00012115,0.32,32.768
1291,625.446,-3.17E-17,3.20E-05,32.768
1292,625.479,-4.94E-06,12,32.768
1293,625.544,-2.59E-06,29,65.536
1294,625.61,-4.50E-08,4.3,65.536
1295,625.675,-2.52E-17,2.50E-05,65.536
1296,625.741,-7.05E-17,4.10E-05,65.536
1297,625.872,-8.85E-07,0.75,131.072
1298,626.134,-5.17E-17,4.60E-05,262.144
1299,626.658,3.34E-17,3.30E-05,524.288
1300,627.707,1.35E-08,9.7,1048.58
1301,629.804,1.43E-09,2.9,2097.15
1302,633.998,3.98E-17,4.00E-05,4194.3
1303,642.387,1.02E-16,0.0001,8388.61
1304,650,7.44E-17,7.40E-05,7612.96
1305,650.004,-3.54E-16,0.00024,4.096
1306,650.008,2.03E-16,0.00012,4.096
1307,650.016,2.00E-07,0.23,8.192
1308,650.02,-1.90E-16,0.00013,3.616
1309,650.021,-9.74E-16,0.00083,1.024
1310,650.022,3.49E-16,0.00027,1.024
1311,650.024,1.16E-15,0.00067,2.048
1312,650.028,-1.01E-08,0.004,4.096
1313,650.032,7.18E-10,0.011,4.096
1314,650.036,2.12E-08,0.29,4.096
1315,650.045,2.27E-07,2.6,8.192
1316,650.053,2.33E-08,0.046,8.192
1317,650.061,5.47E-08,0.1,8.192
1318,650.069,4.77E-08,0.35,8.192
1319,650.077,-2.39E-08,0.025,8.192
1320,650.086,2.25E-17,2.30E-05,8.192
1321,650.094,-1.01E-11,0.15,8.192
1322,650.102,3.07E-06,0.3,8.192
1323,650.11,8.81E-11,0.0047,8.192
1324,650.118,4.17E-05,0.21,8.192
1325,650.126,-2.94E-11,18,8.192
1326,650.135,2.82E-08,0.58,8.192
1327,650.143,5.34E-08,0.96,8.192
1328,650.151,5.60E-11,36,8.192
1329,650.159,7.37E-07,0.15,8.192
1330,650.167,-2.95E-10,0.064,8.192
1331,650.176,-9.79E-08,0.074,8.192
1332,650.184,-8.92E-09,0.017,8.192
1333,650.2,8.79E-06,0.23,16.384
1334,650.217,-2.33E-17,2.30E-05,16.384
1335,650.233,-2.19E-17,2.20E-05,16.384
1336,650.266,8.01E-08,0.2,32.768
1337,650.299,-2.56E-11,0.5,32.768
1338,650.364,-4.11E-08,0.026,65.536
1339,650.43,5.09E-09,0.046,65.536
1340,650.495,-2.19E-17,2.20E-05,65.536
1341,650.561,1.41E-08,0.41,65.536
1342,650.626,-5.08E-17,4.40E-05,65.536
1343,650.692,-6.14E-05,0.29,65.536
1344,650.757,2.36E-07,2.3,65.536
1345,650.823,-2.52E-17,2.50E-05,65.536
1346,650.888,-5.62E-06,0.79,65.536
1347,651.019,-5.54E-17,3.40E-05,131.072
1348,651.282,-1.30E-10,0.27,262.144
1349,651.806,1.10E-07,0.092,524.288
1350,652.854,2.32E-07,0.21,1048.58
1351,654.952,3.60E-07,0.34,2097.15
1352,659.146,6.77E-06,0.54,4194.3
1353,667.534,-5.56E-17,5.10E-05,8388.61
1354,675,-1.66E-16,0.00016,7465.5
1355,675.004,-3.87E-16,0.00021,4.096
1356,675.008,3.10E-06,0.87,4.096
1357,675.016,-5.36E-08,0.086,8.192
1358,675.02,-7.05E-09,0.0062,3.616
1359,675.022,7.09E-07,0.048,2.048
1360,675.024,-1.27E-15,0.00051,2.048
1361,675.028,-4.30E-16,0.00022,4.096
1362,675.036,2.99E-09,0.78,8.192
1363,675.045,2.61E-09,0.22,8.192
1364,675.053,4.77E-17,2.40E-05,8.192
1365,675.061,-1.19E-07,0.82,8.192
1366,675.069,1.41E-07,0.44,8.192
1367,675.077,3.04E-11,0.007,8.192
1368,675.086,-1.07E-10,0.16,8.192
1369,675.094,6.43E-17,2.50E-05,8.192
1370,675.102,-1.45E-06,0.84,8.192
1371,675.11,-1.31E-11,5,8.192
1372,675.118,-6.00E-08,0.0083,8.192
1373,675.126,-3.20E-10,0.0025,8.192
1374,675.135,-5.12E-07,0.16,8.192
1375,675.151,-1.56E-17,1.60E-05,16.384
1376,675.167,3.70E-05,0.54,16.384
1377,675.184,-1.47E-08,1.00E+02,16.384
1378,675.2,-5.30E-07,0.5,16.384
1379,675.217,3.73E-07,0.36,16.384
1380,675.233,-1.62E-08,0.74,16.384
1381,675.249,3.73E-09,0.12,16.384
1382,675.266,4.09E-07,0.6,16.384
1383,675.282,3.09E-07,0.81,16.384
1384,675.315,-9.07E-08,0.21,32.768
1385,675.348,-6.44E-10,4.3,32.768
1386,675.38,-0.000405095,0.53,32.768
1387,675.413,0.000121147,0.32,32.768
1388,675.446,-3.17E-17,3.20E-05,32.768
1389,675.479,-4.94E-06,12,32.768
1390,675.544,-2.59E-06,29,65.536
1391,675.61,-4.50E-08,4.3,65.536
1392,675.675,5.56E-17,3.20E-05,65.536
1393,675.741,-2.52E-17,2.50E-05,65.536
1394,675.872,-8.85E-07,0.75,131.072
1395,676.134,3.75E-17,3.40E-05,262.144
1396,676.658,-7.27E-17,6.40E-05,524.288
1397,677.707,1.35E-08,9.7,1048.58
1398,679.804,1.43E-09,2.9,2097.15
1399,683.998,-5.68E-17,4.50E-05,4194.3
1400,692.387,1.20E-16,0.00012,8388.61
1401,700,-7.12E-17,7.10E-05,7612.96
1402,700.004,-1.99E-16,0.00015,4.096
1403,700.008,2.40E-16,0.00015,4.096
1404,700.016,2.00E-07,0.23,8.192
1405,700.02,1.67E-16,0.00013,3.616
1406,700.021,1.26E-15,0.0012,1.024
1407,700.022,1.02E-15,0.00089,1.024
1408,700.024,-8.90E-16,0.00055,2.048
1409,700.028,-1.01E-08,0.004,4.096
1410,700.032,7.18E-10,0.011,4.096
1411,700.036,2.12E-08,0.29,4.096
1412,700.045,2.27E-07,2.6,8.192
1413,700.053,2.33E-08,0.046,8.192
1414,700.061,5.47E-08,0.1,8.192
1415,700.069,4.77E-08,0.35,8.192
1416,700.077,-2.39E-08,0.025,8.192
1417,700.086,2.01E-17,2.00E-05,8.192
1418,700.094,-1.01E-11,0.15,8.192
1419,700.102,3.07E-06,0.3,8.192
1420,700.11,8.81E-11,0.0047,8.192
1421,700.118,4.17E-05,0.21,8.192
1422,700.126,-2.94E-11,18,8.192
1423,700.135,2.82E-08,0.58,8.192
1424,700.143,5.34E-08,0.96,8.192
1425,700.151,5.60E-11,36,8.192
1426,700.159,7.37E-07,0.15,8.192
1427,700.167,-2.95E-10,0.064,8.192
1428,700.176,-9.79E-08,0.074,8.192
1429,700.184,-8.92E-09,0.017,8.192
1430,700.2,8.79E-06,0.23,16.384
1431,700.217,-2.33E-17,2.30E-05,16.384
1432,700.233,2.48E-17,2.50E-05,16.384
1433,700.266,8.01E-08,0.2,32.768
1434,700.299,-2.56E-11,0.5,32.768
1435,700.364,-4.11E-08,0.026,65.536
1436,700.43,5.09E-09,0.046,65.536
1437,700.495,-2.19E-17,2.20E-05,65.536
1438,700.561,1.41E-08,0.41,65.536
1439,700.626,4.76E-17,4.10E-05,65.536
1440,700.692,-6.14E-05,0.29,65.536
1441,700.757,2.36E-07,2.3,65.536
1442,700.823,-2.52E-17,2.50E-05,65.536
1443,700.888,-5.62E-06,0.79,65.536
1444,701.019,-4.54E-17,2.80E-05,131.072
1445,701.282,-1.30E-10,0.27,262.144
1446,701.806,1.10E-07,0.092,524.288
1447,702.854,2.32E-07,0.21,1048.58
1448,704.952,3.60E-07,0.34,2097.15
1449,709.146,-6.86E-17,6.80E-05,4194.3
1450,717.534,9.28E-17,8.80E-05,8388.61
1451,725,1.04E-16,0.0001,7465.5
1452,725.004,-2.23E-16,0.0002,4.096
1453,725.008,3.10E-06,0.87,4.096
1454,725.016,-5.36E-08,0.086,8.192
1455,725.02,-7.05E-09,0.0062,3.616
1456,725.022,7.09E-07,0.048,2.048
1457,725.024,-9.34E-16,0.0004,2.048
1458,725.028,-7.91E-16,0.00039,4.096
1459,725.036,2.99E-09,0.78,8.192
1460,725.045,2.61E-09,0.22,8.192
1461,725.053,4.73E-17,3.50E-05,8.192
1462,725.061,-1.19E-07,0.82,8.192
1463,725.069,1.41E-07,0.44,8.192
1464,725.077,3.04E-11,0.007,8.192
1465,725.086,-1.07E-10,0.16,8.192
1466,725.094,-2.56E-17,2.60E-05,8.192
1467,725.102,-1.46E-06,0.85,8.192
1468,725.11,-1.31E-11,5,8.192
1469,725.118,-6.00E-08,0.0083,8.192
1470,725.126,-3.20E-10,0.0025,8.192
1471,725.135,-5.12E-07,0.16,8.192
1472,725.151,3.49E-17,3.50E-05,16.384
1473,725.167,3.70E-05,0.54,16.384
1474,725.184,-1.47E-08,1.00E+02,16.384
1475,725.2,-5.30E-07,0.5,16.384
1476,725.217,3.71E-07,0.36,16.384
1477,725.233,-1.63E-08,0.74,16.384
1478,725.249,3.68E-09,0.12,16.384
1479,725.266,4.09E-07,0.6,16.384
1480,725.282,3.10E-07,0.82,16.384
1481,725.315,-9.15E-08,0.21,32.768
1482,725.348,-6.45E-10,4.2,32.768
1483,725.38,-0.000403633,0.53,32.768
1484,725.413,0.000122826,0.32,32.768
1485,725.446,2.05E-17,2.10E-05,32.768
1486,725.479,-4.93E-06,12,32.768
1487,725.544,-2.60E-06,29,65.536
1488,725.61,-4.51E-08,4.3,65.536
1489,725.675,-2.52E-17,2.50E-05,65.536
1490,725.741,-2.52E-17,2.50E-05,65.536
1491,725.872,-8.86E-07,0.75,131.072
1492,726.134,9.52E-17,3.00E-05,262.144
1493,726.658,1.10E-16,5.00E-05,524.288
1494,727.707,1.35E-08,9.7,1048.58
1495,729.804,1.43E-09,2.9,2097.15
1496,733.998,1.81E-16,0.00013,4194.3
1497,742.387,-9.95E-17,7.20E-05,8388.61
1498,750,-8.45E-17,8.40E-05,7612.96
1499,750.004,1.48E-16,0.00015,4.096
1500,750.008,-1.12E-16,0.00011,4.096
1501,750.016,2.00E-07,0.23,8.192
1502,750.02,-2.95E-16,0.00026,3.616
1503,750.021,4.26E-16,0.00042,1.024
1504,750.022,-1.04E-15,0.00026,1.024
1505,750.024,-8.36E-16,0.00056,2.048
1506,750.028,-1.01E-08,0.004,4.096
1507,750.032,7.18E-10,0.011,4.096
1508,750.036,2.12E-08,0.29,4.096
1509,750.045,2.27E-07,2.6,8.192
1510,750.053,2.33E-08,0.046,8.192
1511,750.061,5.47E-08,0.1,8.192
1512,750.069,4.77E-08,0.35,8.192
1513,750.077,-2.39E-08,0.025,8.192
1514,750.086,2.01E-17,2.00E-05,8.192
1515,750.094,-1.01E-11,0.15,8.192
1516,750.102,3.07E-06,0.3,8.192
1517,750.11,8.81E-11,0.0047,8.192
1518,750.118,4.17E-05,0.21,8.192
1519,750.126,-2.94E-11,18,8.192
1520,750.135,2.79E-08,0.57,8.192
1521,750.143,5.39E-08,0.97,8.192
1522,750.151,5.60E-11,36,8.192
1523,750.159,7.37E-07,0.15,8.192
1524,750.167,-2.95E-10,0.064,8.192
1525,750.176,-9.79E-08,0.074,8.192
1526,750.184,-8.92E-09,0.017,8.192
1527,750.2,8.78E-06,0.23,16.384
1528,750.217,2.80E-17,2.80E-05,16.384
1529,750.233,-2.19E-17,2.20E-05,16.384
1530,750.266,8.01E-08,0.2,32.768
1531,750.299,-2.56E-11,0.5,32.768
1532,750.364,-4.11E-08,0.026,65.536
1533,750.43,5.09E-09,0.046,65.536
1534,750.495,-2.19E-17,2.20E-05,65.536
1535,750.561,1.41E-08,0.41,65.536
1536,750.626,4.10E-17,3.50E-05,65.536
1537,750.692,-6.14E-05,0.29,65.536
1538,750.757,2.36E-07,2.3,65.536
1539,750.823,-1.19E-16,3.50E-05,65.536
1540,750.888,-5.62E-06,0.79,65.536
1541,751.019,-2.52E-17,2.50E-05,131.072
1542,751.282,-1.30E-10,0.27,262.144
1543,751.806,1.10E-07,0.092,524.288
1544,752.854,2.32E-07,0.21,1048.58
1545,754.952,3.60E-07,0.34,2097.15
1546,759.146,5.17E-06,0.57,4194.3
1547,767.534,-5.26E-17,5.30E-05,8388.61
1548,775,6.25E-05,0.36,7465.5
1549,775.004,2.30E-16,0.00014,4.096
1550,775.008,3.10E-06,0.87,4.096
1551,775.016,-5.36E-08,0.086,8.192
1552,775.02,-7.05E-09,0.0062,3.616
1553,775.022,7.09E-07,0.048,2.048
1554,775.024,-3.61E-16,0.00019,2.048
1555,775.028,-5.02E-17,3.70E-05,4.096
1556,775.036,2.99E-09,0.78,8.192
1557,775.045,2.61E-09,0.22,8.192
1558,775.053,-9.51E-17,2.60E-05,8.192
1559,775.061,-1.19E-07,0.82,8.192
1560,775.069,1.41E-07,0.44,8.192
1561,775.077,3.04E-11,0.007,8.192
1562,775.086,-1.07E-10,0.16,8.192
1563,775.094,2.04E-17,2.00E-05,8.192
1564,775.102,-1.45E-06,0.84,8.192
1565,775.11,-1.31E-11,5,8.192
1566,775.118,-6.00E-08,0.0083,8.192
1567,775.126,-3.20E-10,0.0025,8.192
1568,775.135,-5.12E-07,0.17,8.192
1569,775.151,-1.95E-17,1.90E-05,16.384
1570,775.167,3.70E-05,0.54,16.384
1571,775.184,-1.47E-08,1.00E+02,16.384
1572,775.2,-5.30E-07,0.5,16.384
1573,775.217,3.73E-07,0.36,16.384
1574,775.233,-1.62E-08,0.74,16.384
1575,775.249,3.74E-09,0.12,16.384
1576,775.266,4.09E-07,0.6,16.384
1577,775.282,3.08E-07,0.81,16.384
1578,775.315,-9.06E-08,0.21,32.768
1579,775.348,-6.44E-10,4.3,32.768
1580,775.38,-0.000405316,0.53,32.768
1581,775.413,0.000120898,0.31,32.768
1582,775.446,-3.17E-17,3.20E-05,32.768
1583,775.479,-4.94E-06,12,32.768
1584,775.544,-2.59E-06,29,65.536
1585,775.61,-4.49E-08,4.3,65.536
1586,775.675,-2.52E-17,2.50E-05,65.536
1587,775.741,-2.52E-17,2.50E-05,65.536
1588,775.872,-8.85E-07,0.75,131.072
1589,776.134,-1.04E-16,3.20E-05,262.144
1590,776.658,-9.96E-17,4.50E-05,524.288
1591,777.707,1.35E-08,9.7,1048.58
1592,779.804,1.43E-09,2.9,2097.15
1593,783.998,1.12E-16,8.10E-05,4194.3
1594,792.387,7.51E-17,7.50E-05,8388.61
1595,800,-1.08E-16,0.00011,7612.96
1596,800.004,2.04E-16,0.00017,4.096
1597,800.008,-4.07E-16,0.00032,4.096
1598,800.016,2.00E-07,0.23,8.192
1599,800.02,-2.78E-16,0.00027,3.616
1600,800.021,2.10E-16,0.00019,1.024
1601,800.022,1.40E-15,0.0013,1.024
1602,800.024,-7.04E-16,0.00049,2.048
1603,800.028,-1.01E-08,0.004,4.096
1604,800.032,7.18E-10,0.011,4.096
1605,800.036,2.12E-08,0.29,4.096
1606,800.045,2.27E-07,2.6,8.192
1607,800.053,2.33E-08,0.046,8.192
1608,800.061,5.47E-08,0.1,8.192
1609,800.069,4.77E-08,0.35,8.192
1610,800.077,-2.39E-08,0.025,8.192
1611,800.086,2.01E-17,2.00E-05,8.192
1612,800.094,-1.01E-11,0.15,8.192
1613,800.102,3.07E-06,0.3,8.192
1614,800.11,8.81E-11,0.0047,8.192
1615,800.118,4.17E-05,0.21,8.192
1616,800.126,-2.94E-11,18,8.192
1617,800.135,2.83E-08,0.58,8.192
1618,800.143,5.34E-08,0.96,8.192
1619,800.151,5.60E-11,36,8.192
1620,800.159,7.37E-07,0.15,8.192
1621,800.167,-2.95E-10,0.064,8.192
1622,800.176,-9.79E-08,0.074,8.192
1623,800.184,-8.92E-09,0.017,8.192
1624,800.2,8.79E-06,0.23,16.384
1625,800.217,-2.33E-17,2.30E-05,16.384
1626,800.233,-2.19E-17,2.20E-05,16.384
1627,800.266,8.01E-08,0.2,32.768
1628,800.299,-2.56E-11,0.5,32.768
1629,800.364,-4.11E-08,0.026,65.536
1630,800.43,5.09E-09,0.046,65.536
1631,800.495,-2.19E-17,2.20E-05,65.536
1632,800.561,1.41E-08,0.41,65.536
1633,800.626,5.15E-17,4.40E-05,65.536
1634,800.692,-6.14E-05,0.29,65.536
1635,800.757,2.36E-07,2.3,65.536
1636,800.823,-8.21E-17,3.10E-05,65.536
1637,800.888,-5.62E-06,0.79,65.536
1638,801.019,3.89E-17,2.80E-05,131.072
1639,801.282,-1.30E-10,0.27,262.144
1640,801.806,1.10E-07,0.092,524.288
1641,802.854,2.32E-07,0.21,1048.58
1642,804.952,3.60E-07,0.34,2097.15
1643,809.146,-0.000830938,0.45,4194.3
1644,817.534,-5.41E-17,5.10E-05,8388.61
1645,825,-1.14E-16,0.00011,7465.5
1646,825.004,1.21E-16,0.00012,4.096
1647,825.008,3.10E-06,0.87,4.096
1648,825.016,-5.36E-08,0.086,8.192
1649,825.02,-7.05E-09,0.0062,3.616
1650,825.022,7.09E-07,0.048,2.048
1651,825.024,4.17E-16,0.00021,2.048
1652,825.028,-1.25E-16,8.70E-05,4.096
1653,825.036,2.99E-09,0.78,8.192
1654,825.045,2.61E-09,0.22,8.192
1655,825.053,-6.04E-17,1.70E-05,8.192
1656,825.061,-1.19E-07,0.82,8.192
1657,825.069,1.41E-07,0.44,8.192
1658,825.077,3.04E-11,0.007,8.192
1659,825.086,-1.07E-10,0.16,8.192
1660,825.094,-1.84E-17,1.80E-05,8.192
1661,825.102,-1.45E-06,0.84,8.192
1662,825.11,-1.31E-11,5,8.192
1663,825.118,-6.00E-08,0.0083,8.192
1664,825.126,-3.20E-10,0.0025,8.192
1665,825.135,-5.11E-07,0.17,8.192
1666,825.151,1.42E-17,1.40E-05,16.384
1667,825.167,3.70E-05,0.54,16.384
1668,825.184,-1.46E-08,1.00E+02,16.384
1669,825.2,-5.30E-07,0.5,16.384
1670,825.217,3.73E-07,0.36,16.384
1671,825.233,-1.62E-08,0.74,16.384
1672,825.249,3.73E-09,0.12,16.384
1673,825.266,4.09E-07,0.6,16.384
1674,825.282,3.09E-07,0.81,16.384
1675,825.315,-9.07E-08,0.21,32.768
1676,825.348,-6.44E-10,4.3,32.768
1677,825.38,-0.000405119,0.53,32.768
1678,825.413,0.000121119,0.32,32.768
1679,825.446,-3.17E-17,3.20E-05,32.768
1680,825.479,-4.94E-06,12,32.768
1681,825.544,-2.59E-06,29,65.536
1682,825.61,-4.50E-08,4.3,65.536
1683,825.675,4.86E-17,2.80E-05,65.536
1684,825.741,-2.52E-17,2.50E-05,65.536
1685,825.872,-8.85E-07,0.75,131.072
1686,826.134,3.94E-17,3.50E-05,262.144
1687,826.658,4.19E-17,4.10E-05,524.288
1688,827.707,1.35E-08,9.7,1048.58
1689,829.804,1.43E-09,2.9,2097.15
1690,833.998,-6.63E-17,4.80E-05,4194.3
1691,842.387,-6.66E-17,5.60E-05,8388.61
1692,850,-6.35E-17,6.30E-05,7612.96
1693,850.004,-3.10E-16,0.00027,4.096
1694,850.008,-3.16E-16,0.00026,4.096
1695,850.016,2.00E-07,0.23,8.192
1696,850.02,-3.32E-16,9.30E-05,3.616
1697,850.021,4.85E-16,0.00043,1.024
1698,850.022,-2.71E-16,0.00023,1.024
1699,850.024,8.82E-16,0.00063,2.048
1700,850.028,-1.01E-08,0.004,4.096
1701,850.032,7.18E-10,0.011,4.096
1702,850.036,2.12E-08,0.29,4.096
1703,850.045,2.27E-07,2.6,8.192
1704,850.053,2.33E-08,0.046,8.192
1705,850.061,5.47E-08,0.1,8.192
1706,850.069,4.77E-08,0.35,8.192
1707,850.077,-2.39E-08,0.025,8.192
1708,850.086,2.01E-17,2.00E-05,8.192
1709,850.094,-1.01E-11,0.15,8.192
1710,850.102,3.07E-06,0.3,8.192
1711,850.11,8.81E-11,0.0047,8.192
1712,850.118,4.17E-05,0.21,8.192
1713,850.126,-2.94E-11,18,8.192
1714,850.135,2.82E-08,0.58,8.192
1715,850.143,5.34E-08,0.96,8.192
1716,850.151,5.60E-11,36,8.192
1717,850.159,7.37E-07,0.15,8.192
1718,850.167,-2.95E-10,0.064,8.192
1719,850.176,-9.79E-08,0.074,8.192
1720,850.184,-8.92E-09,0.017,8.192
1721,850.2,8.79E-06,0.23,16.384
1722,850.217,-2.51E-17,2.50E-05,16.384
1723,850.233,-2.19E-17,2.20E-05,16.384
1724,850.266,8.01E-08,0.2,32.768
1725,850.299,-2.56E-11,0.5,32.768
1726,850.364,-4.11E-08,0.026,65.536
1727,850.43,5.08E-09,0.046,65.536
1728,850.495,-2.19E-17,2.20E-05,65.536
1729,850.561,1.41E-08,0.41,65.536
1730,850.626,-2.52E-17,2.50E-05,65.536
1731,850.692,-6.14E-05,0.29,65.536
1732,850.757,2.36E-07,2.3,65.536
1733,850.823,-4.01E-17,4.00E-05,65.536
1734,850.888,-5.62E-06,0.79,65.536
1735,851.019,-6.29E-17,5.40E-05,131.072
1736,851.282,-1.30E-10,0.27,262.144
1737,851.806,1.10E-07,0.092,524.288
1738,852.854,2.32E-07,0.21,1048.58
1739,854.952,3.60E-07,0.34,2097.15
1740,859.146,-0.000830939,0.45,4194.3
1741,867.534,-6.60E-17,6.50E-05,8388.61
1742,875,6.48E-17,6.40E-05,7465.5
1743,875.004,-2.47E-16,0.00015,4.096
1744,875.008,3.10E-06,0.87,4.096
1745,875.016,-5.36E-08,0.086,8.192
1746,875.02,-7.05E-09,0.0062,3.616
1747,875.022,7.09E-07,0.048,2.048
1748,875.024,5.83E-16,0.00028,2.048
1749,875.028,-1.65E-16,7.60E-05,4.096
1750,875.036,2.99E-09,0.78,8.192
1751,875.045,2.61E-09,0.22,8.192
1752,875.053,-4.87E-17,3.60E-05,8.192
1753,875.061,-1.19E-07,0.82,8.192
1754,875.069,1.41E-07,0.44,8.192
1755,875.077,3.04E-11,0.007,8.192
1756,875.086,-1.07E-10,0.16,8.192
1757,875.094,2.04E-17,2.00E-05,8.192
1758,875.102,-1.45E-06,0.84,8.192
1759,875.11,-1.31E-11,5,8.192
1760,875.118,-6.00E-08,0.0083,8.192
1761,875.126,-3.20E-10,0.0025,8.192
1762,875.135,-5.11E-07,0.17,8.192
1763,875.151,1.42E-17,1.40E-05,16.384
1764,875.167,3.70E-05,0.54,16.384
1765,875.184,-1.46E-08,1.00E+02,16.384
1766,875.2,-5.30E-07,0.5,16.384
1767,875.217,3.73E-07,0.36,16.384
1768,875.233,-1.62E-08,0.74,16.384
1769,875.249,3.73E-09,0.12,16.384
1770,875.266,4.09E-07,0.6,16.384
1771,875.282,3.09E-07,0.81,16.384
1772,875.315,-9.07E-08,0.21,32.768
1773,875.348,-6.44E-10,4.3,32.768
1774,875.38,-0.000405132,0.53,32.768
1775,875.413,0.000121104,0.32,32.768
1776,875.446,-3.17E-17,3.20E-05,32.768
1777,875.479,-4.94E-06,12,32.768
1778,875.544,-2.59E-06,29,65.536
1779,875.61,-4.50E-08,4.3,65.536
1780,875.675,-2.52E-17,2.50E-05,65.536
1781,875.741,5.26E-17,3.10E-05,65.536
1782,875.872,-8.85E-07,0.75,131.072
1783,876.134,6.23E-17,2.60E-05,262.144
1784,876.658,-2.52E-17,2.50E-05,524.288
1785,877.707,1.35E-08,9.7,1048.58
1786,879.804,1.43E-09,2.9,2097.15
1787,883.998,1.18E-16,8.50E-05,4194.3
1788,892.387,4.74E-17,4.70E-05,8388.61
1789,900,-1.23E-16,9.50E-05,7612.96
1790,900.004,1.30E-16,0.00013,4.096
